,id,stat_year,area_code,area_name,population,male,female,urban,rural,birth_rate,death_rate,growth_rate
18,525,1949,156,中国,54167.0,28145.0,26022.0,5765.0,48402.0,36.0,20.0,16.0
38,545,1950,156,中国,55196.0,28669.0,26527.0,6169.0,49027.0,37.0,18.0,19.0
37,544,1951,156,中国,56300.0,29231.0,27069.0,6632.0,49668.0,37.8,17.8,20.0
40,547,1952,156,中国,57482.0,29833.0,27649.0,7163.0,50319.0,37.0,17.0,20.0
39,546,1953,156,中国,58796.0,30468.0,28328.0,7826.0,50970.0,37.0,14.0,23.0
34,541,1954,156,中国,60266.4,31242.0,29024.0,8249.0,52017.0,37.97,13.18,24.79
33,540,1955,156,中国,61465.0,31809.0,29656.0,8285.0,53180.0,32.6,12.28,20.32
12,519,1956,156,中国,62828.3,32536.0,30292.0,9185.0,53643.0,31.9,11.4,20.5
35,542,1957,156,中国,64653.3,33469.0,31184.0,9949.0,54704.0,34.03,10.8,23.23
43,550,1958,156,中国,65994.3,34195.0,31799.0,10721.0,55273.0,29.22,11.98,17.24
42,549,1959,156,中国,67206.9,34890.0,32317.0,12371.0,54836.0,24.78,14.59,10.19
27,534,1960,156,中国,66207.0,34283.0,31924.0,13073.0,53134.0,20.86,25.43,-4.57
28,535,1961,156,中国,65859.1,33880.0,31979.0,12707.0,53152.0,18.13,14.33,3.8
13,520,1962,156,中国,67295.5,34517.0,32778.0,11659.0,55636.0,37.22,10.08,27.14
14,521,1963,156,中国,69172.0,35533.0,33639.0,11646.0,57526.0,43.6,10.1,33.5
23,530,1964,156,中国,70499.1,36142.0,34357.0,12950.0,57549.0,39.34,11.56,27.78
24,531,1965,156,中国,72538.0,37128.0,35410.0,13045.0,59493.0,38.0,9.5,28.5
25,532,1966,156,中国,74542.0,38189.0,36353.0,13313.0,61229.0,35.21,8.87,26.34
26,533,1967,156,中国,76368.2,39115.0,37253.0,13548.0,62820.0,34.12,8.47,25.65
41,548,1968,156,中国,78534.2,40226.0,38308.0,13838.0,64696.0,35.75,8.25,27.5
44,551,1969,156,中国,80671.2,41289.0,39382.0,14117.0,66554.0,34.25,8.06,26.19
60,567,1970,156,中国,82992.0,42686.0,40306.0,14424.0,68568.0,33.59,7.64,25.95
59,566,1971,156,中国,85229.0,43819.0,41410.0,14711.0,70518.0,30.74,7.34,23.4
58,565,1972,156,中国,87177.0,44813.0,42364.0,14935.0,72242.0,29.92,7.65,22.27
57,564,1973,156,中国,89211.0,45876.0,43335.0,15345.0,73866.0,28.07,7.08,20.99
10,517,1974,156,中国,90859.0,46727.0,44132.0,15595.0,75264.0,24.95,7.38,17.57
55,562,1975,156,中国,92420.0,47564.0,44856.0,16030.0,76390.0,23.13,7.36,15.77
54,561,1976,156,中国,93717.0,48257.0,45460.0,16341.0,77376.0,20.01,7.29,12.72
53,560,1977,156,中国,94974.0,48908.0,46066.0,16669.0,78305.0,19.03,6.91,12.12
52,559,1978,156,中国,96259.0,49567.0,46692.0,17245.0,79014.0,18.25,6.25,12.0
31,538,1979,156,中国,97542.0,50192.0,47350.0,18495.0,79047.0,17.82,6.21,11.61
21,528,1980,156,中国,98705.0,50785.0,47920.0,19140.0,79565.0,18.21,6.34,11.87
22,529,1981,156,中国,100072.0,51519.0,48553.0,20171.0,79901.0,20.91,6.36,14.55
19,526,1982,156,中国,101654.0,52352.0,49302.0,21480.0,80174.0,22.28,6.6,15.68
20,527,1983,156,中国,103008.0,53152.0,49856.0,22274.0,80734.0,20.19,6.9,13.29
17,524,1984,156,中国,104357.0,53848.0,50509.0,24017.0,80340.0,19.9,6.82,13.08
36,543,1985,156,中国,105851.0,54725.0,51126.0,25094.0,80757.0,21.04,6.78,14.26
15,522,1986,156,中国,107507.0,55581.0,51926.0,26366.0,81141.0,22.43,6.86,15.57
16,523,1987,156,中国,109300.0,56290.0,53010.0,27674.0,81626.0,23.33,6.72,16.61
29,536,1988,156,中国,111026.0,57201.0,53825.0,28661.0,82365.0,22.37,6.64,15.73
30,537,1989,156,中国,112704.0,58099.0,54605.0,29540.0,83164.0,21.58,6.54,15.04
46,553,1990,156,中国,114333.0,58904.0,55429.0,30195.0,84138.0,21.06,6.67,14.39
45,552,1991,156,中国,115823.0,59466.0,56357.0,31203.0,84620.0,19.68,6.7,12.98
48,555,1992,156,中国,117171.0,59811.0,57360.0,32175.0,84996.0,18.24,6.64,11.6
47,554,1993,156,中国,118517.0,60472.0,58045.0,33173.0,85344.0,18.09,6.64,11.45
50,557,1994,156,中国,119850.0,61246.0,58604.0,34169.0,85681.0,17.7,6.49,11.21
49,556,1995,156,中国,121121.0,61808.0,59313.0,35174.0,85947.0,17.12,6.57,10.55
56,563,1996,156,中国,122389.0,62200.0,60189.0,37304.0,85085.0,16.98,6.56,10.42
51,558,1997,156,中国,123626.0,63131.0,60495.0,39449.0,84177.0,16.57,6.51,10.06
11,518,1998,156,中国,124761.0,63940.0,60821.0,41608.0,83153.0,15.64,6.5,9.14
32,539,1999,156,中国,125786.0,64692.0,61094.0,43748.0,82038.0,14.64,6.46,8.18
517,1024,2000,370000,山东省,8998.0,,,,,11.38,6.7,4.68
213,720,2000,320000,江苏省,7327.0,,,,,9.08,6.52,2.56
85,592,2000,520000,贵州省,3756.0,,,,,20.59,7.53,13.06
357,864,2000,630000,青海省,517.0,,,,,19.25,6.15,13.1
197,704,2000,340000,安徽省,6093.0,,,,,13.4,5.76,7.64
373,880,2000,540000,西藏自治区,258.0,,,,,19.5,6.6,12.9
181,688,2000,410000,河南省,9488.0,,,,,13.07,5.93,7.14
101,608,2000,640000,宁夏回族自治区,554.0,,,,,16.49,4.57,11.92
341,848,2000,230000,黑龙江省,3807.0,,,,,,,
501,1008,2000,530000,云南省,4241.0,,,,,19.05,7.57,11.48
261,768,2000,330000,浙江省,4680.0,,,,,10.3,6.13,4.17
325,832,2000,140000,山西省,3247.0,,,,,12.1,5.9,6.1
389,896,2000,460000,海南省,789.0,,,,,15.67,5.8,9.87
165,672,2000,510000,四川省,8329.0,,,,,12.1,7.0,5.1
405,912,2000,120000,天津市,1001.0,,,,,7.72,6.17,1.55
117,624,2000,440000,广东省,8650.0,,,,,15.32,5.4,9.92
469,976,2000,220000,吉林省,2682.0,,,,,10.31,5.85,4.46
421,928,2000,210000,辽宁省,4184.0,,,,,10.7,6.7,4.0
149,656,2000,620000,甘肃省,2515.0,,,,,14.38,6.41,7.97
453,960,2000,150000,内蒙古自治区,2372.0,,,,,9.9,5.5,4.4
437,944,2000,360000,江西省,4149.0,,,,,15.55,6.07,9.48
485,992,2000,130000,河北省,6674.0,,,,,11.3,6.21,5.1
533,1040,2000,310000,上海市,1609.0,,,,,5.3,7.2,-1.9
133,640,2000,500000,重庆市,2849.0,,,,,11.43,7.98,3.45
549,1056,2000,420000,湖北省,5646.0,,,,,9.71,6.01,3.7
63,570,2000,156,中国,126743.0,65437.0,61306.0,45906.0,80837.0,14.03,6.45,7.58
309,816,2000,610000,陕西省,3644.0,,,,,,,
245,752,2000,650000,新疆维吾尔自治区,1849.0,,,,,17.57,5.4,12.17
229,736,2000,110000,北京市,1364.0,,,,,6.2,5.3,0.9
69,576,2000,350000,福建省,3410.0,,,,,11.6,5.85,5.75
277,784,2000,450000,广西壮族自治区,4751.0,,,,,13.6,5.7,7.9
293,800,2000,430000,湖南省,6562.0,,,,,11.45,6.79,4.66
166,673,2001,510000,四川省,8143.0,,,,,11.16,6.79,4.37
470,977,2001,220000,吉林省,2691.0,,,,,8.76,5.38,3.38
390,897,2001,460000,海南省,796.0,,,,,15.23,5.76,9.47
406,913,2001,120000,天津市,1004.0,,,,,7.58,5.94,1.64
64,571,2001,156,中国,127627.0,65672.0,61955.0,48064.0,79563.0,13.38,6.43,6.95
550,1057,2001,420000,湖北省,5658.0,,,,,8.51,6.07,2.44
486,993,2001,130000,河北省,6699.0,,,,,11.16,6.18,4.98
422,929,2001,210000,辽宁省,4194.0,,,,,7.74,6.1,1.64
150,657,2001,620000,甘肃省,2523.0,,,,,13.58,6.43,7.15
278,785,2001,450000,广西壮族自治区,4788.0,,,,,13.8,6.07,7.73
182,689,2001,410000,河南省,9555.0,,,,,13.2,6.26,6.94
102,609,2001,640000,宁夏回族自治区,563.0,,,,,16.55,4.84,11.71
374,881,2001,540000,西藏自治区,264.0,,,,,18.6,6.5,12.1
246,753,2001,650000,新疆维吾尔自治区,1876.0,,,,,16.82,5.69,11.13
294,801,2001,430000,湖南省,6596.0,,,,,11.8,6.72,5.08
86,593,2001,520000,贵州省,3799.0,,,,,18.56,7.23,11.33
310,817,2001,610000,陕西省,3653.0,,,,,10.5,6.34,4.16
438,945,2001,360000,江西省,4186.0,,,,,15.44,6.06,9.38
534,1041,2001,310000,上海市,1668.0,,,,,5.02,5.97,-0.95
326,833,2001,140000,山西省,3272.0,,,,,13.06,5.9,7.16
214,721,2001,320000,江苏省,7359.0,,,,,9.03,6.62,2.41
518,1025,2001,370000,山东省,9041.0,,,,,11.12,6.24,4.88
70,577,2001,350000,福建省,3445.0,,,,,11.56,5.52,6.04
118,625,2001,440000,广东省,8733.0,,,,,13.95,5.12,8.83
358,865,2001,630000,青海省,523.0,,,,,19.06,6.44,12.62
230,737,2001,110000,北京市,1385.0,,,,,6.1,5.3,0.8
342,849,2001,230000,黑龙江省,3811.0,,,,,8.48,5.49,2.99
262,769,2001,330000,浙江省,4729.0,,,,,10.02,6.25,3.77
198,705,2001,340000,安徽省,6128.0,,,,,12.46,5.85,6.61
454,961,2001,150000,内蒙古自治区,2381.0,,,,,10.77,5.79,4.98
502,1009,2001,530000,云南省,4287.0,,,,,18.51,7.57,10.94
134,641,2001,500000,重庆市,2829.0,,,,,9.7,6.9,2.8
259,766,2002,330000,浙江省,4776.0,,,,,9.98,6.19,3.79
419,926,2002,210000,辽宁省,4203.0,,,,,7.38,6.04,1.34
147,654,2002,620000,甘肃省,2531.0,,,,,13.16,6.45,6.71
435,942,2002,360000,江西省,4222.0,,,,,14.74,6.02,8.72
275,782,2002,450000,广西壮族自治区,4822.0,,,,,13.3,6.3,7.0
227,734,2002,110000,北京市,1423.0,,,,,6.6,5.7,0.9
403,910,2002,120000,天津市,1007.0,,,,,7.49,6.04,1.45
243,750,2002,650000,新疆维吾尔自治区,1905.0,,,,,16.3,5.43,10.87
387,894,2002,460000,海南省,803.0,,,,,15.2,5.72,9.48
179,686,2002,410000,河南省,9613.0,,,,,12.41,6.38,6.03
371,878,2002,540000,西藏自治区,268.0,,,,,18.83,6.07,12.76
195,702,2002,340000,安徽省,6144.0,,,,,11.2,5.17,6.03
307,814,2002,610000,陕西省,3662.0,,,,,10.48,6.36,4.12
355,862,2002,630000,青海省,529.0,,,,,18.05,6.35,11.7
339,846,2002,230000,黑龙江省,3813.0,,,,,7.98,5.44,2.54
211,718,2002,320000,江苏省,7406.0,,,,,9.17,6.99,2.18
323,830,2002,140000,山西省,3294.0,,,,,12.86,6.14,6.72
163,670,2002,510000,四川省,8110.0,,,,,10.44,6.55,3.89
291,798,2002,430000,湖南省,6629.0,,,,,11.56,6.7,4.86
451,958,2002,150000,内蒙古自治区,2384.0,,,,,9.6,5.92,3.68
67,574,2002,350000,福建省,3476.0,,,,,11.35,5.57,5.78
61,568,2002,156,中国,128453.0,66115.0,62338.0,50212.0,78241.0,12.86,6.41,6.45
499,1006,2002,530000,云南省,4333.0,,,,,17.9,7.3,10.6
99,606,2002,640000,宁夏回族自治区,572.0,,,,,16.42,4.86,11.56
531,1038,2002,310000,上海市,1713.0,,,,,5.41,5.95,-0.54
467,974,2002,220000,吉林省,2699.0,,,,,8.3,5.11,3.19
515,1022,2002,370000,山东省,9082.0,,,,,11.17,6.62,4.55
131,638,2002,500000,重庆市,2814.0,,,,,9.36,6.08,3.28
115,622,2002,440000,广东省,8842.0,,,,,13.29,5.08,8.21
83,590,2002,520000,贵州省,3837.0,,,,,17.96,7.21,10.75
483,990,2002,130000,河北省,6735.0,,,,,11.53,6.25,5.28
547,1054,2002,420000,湖北省,5672.0,,,,,8.38,6.17,2.21
62,569,2003,156,中国,129227.0,66556.0,62671.0,52376.0,76851.0,12.41,6.4,6.01
484,991,2003,130000,河北省,6769.0,,,,,11.43,6.27,5.16
180,687,2003,410000,河南省,9667.0,,,,,12.1,6.46,5.64
100,607,2003,640000,宁夏回族自治区,580.0,,,,,15.68,4.73,10.95
372,879,2003,540000,西藏自治区,272.0,,,,,17.4,6.3,11.1
388,895,2003,460000,海南省,811.0,,,,,14.68,5.52,9.16
292,799,2003,430000,湖南省,6663.0,,,,,11.82,6.87,4.95
196,703,2003,340000,安徽省,6163.0,,,,,11.15,5.2,5.95
132,639,2003,500000,重庆市,2803.0,,,,,9.89,7.2,2.69
356,863,2003,630000,青海省,534.0,,,,,16.94,6.09,10.85
308,815,2003,610000,陕西省,3672.0,,,,,10.67,6.38,4.29
68,575,2003,350000,福建省,3502.0,,,,,11.43,5.58,5.85
228,735,2003,110000,北京市,1456.0,,,,,5.1,5.2,-0.1
340,847,2003,230000,黑龙江省,3815.0,,,,,7.48,5.45,2.03
516,1023,2003,370000,山东省,9125.0,,,,,11.42,6.64,4.78
84,591,2003,520000,贵州省,3870.0,,,,,15.91,6.87,9.04
212,719,2003,320000,江苏省,7458.0,,,,,9.04,7.03,2.01
532,1039,2003,310000,上海市,1766.0,,,,,4.85,6.2,-1.35
500,1007,2003,530000,云南省,4376.0,,,,,17.0,7.2,9.8
244,751,2003,650000,新疆维吾尔自治区,1934.0,,,,,16.01,5.23,10.78
324,831,2003,140000,山西省,3314.0,,,,,12.26,6.04,6.22
260,767,2003,330000,浙江省,4857.0,,,,,9.66,6.38,3.28
148,655,2003,620000,甘肃省,2537.0,,,,,12.58,6.46,6.12
276,783,2003,450000,广西壮族自治区,4857.0,,,,,13.86,6.57,7.29
420,927,2003,210000,辽宁省,4210.0,,,,,6.9,5.83,1.07
452,959,2003,150000,内蒙古自治区,2386.0,,,,,9.24,6.17,3.07
436,943,2003,360000,江西省,4254.0,,,,,14.07,5.98,8.09
468,975,2003,220000,吉林省,2704.0,,,,,7.25,5.64,1.61
548,1055,2003,420000,湖北省,5685.0,,,,,8.26,5.94,2.32
404,911,2003,120000,天津市,1011.0,,,,,7.14,6.04,1.1
164,671,2003,510000,四川省,8176.0,,,,,9.18,6.06,3.12
116,623,2003,440000,广东省,8963.0,,,,,13.66,5.31,8.35
505,1012,2004,530000,云南省,4415.0,,,,,15.6,6.6,9.0
217,724,2004,320000,江苏省,7523.0,,,,,9.45,7.2,2.25
521,1028,2004,370000,山东省,9180.0,,,,,12.5,6.49,6.01
313,820,2004,610000,陕西省,3681.0,,,,,10.59,6.33,4.26
201,708,2004,340000,安徽省,6228.0,,,,,11.62,5.5,6.12
425,932,2004,210000,辽宁省,4217.0,,,,,6.51,5.6,0.91
73,580,2004,350000,福建省,3529.0,,,,,11.58,5.62,5.96
89,596,2004,520000,贵州省,3904.0,,,,,15.08,6.35,8.73
441,948,2004,360000,江西省,4284.0,,,,,13.61,5.99,7.62
457,964,2004,150000,内蒙古自治区,2393.0,,,,,9.53,5.98,3.55
329,836,2004,140000,山西省,3335.0,,,,,12.36,6.11,6.25
553,1060,2004,420000,湖北省,5698.0,,,,,8.43,6.03,2.4
137,644,2004,500000,重庆市,2793.0,,,,,9.45,6.6,2.85
265,772,2004,330000,浙江省,4925.0,,,,,10.71,5.76,4.95
473,980,2004,220000,吉林省,2709.0,,,,,7.39,5.63,1.76
153,660,2004,620000,甘肃省,2541.0,,,,,12.43,6.52,5.91
65,572,2004,156,中国,129988.0,66976.0,63012.0,54283.0,75705.0,12.29,6.42,5.87
169,676,2004,510000,四川省,8090.0,,,,,9.05,6.27,2.78
393,900,2004,460000,海南省,818.0,,,,,14.77,5.79,8.98
281,788,2004,450000,广西壮族自治区,4889.0,,,,,13.32,6.12,7.2
377,884,2004,540000,西藏自治区,276.0,,,,,17.4,6.2,11.2
105,612,2004,640000,宁夏回族自治区,588.0,,,,,15.97,4.79,11.18
409,916,2004,120000,天津市,1024.0,,,,,7.31,5.97,1.34
537,1044,2004,310000,上海市,1835.0,,,,,6.0,6.0,0.0
489,996,2004,130000,河北省,6809.0,,,,,11.98,6.19,5.79
345,852,2004,230000,黑龙江省,3817.0,,,,,7.27,5.45,1.82
185,692,2004,410000,河南省,9717.0,,,,,11.67,6.47,5.2
297,804,2004,430000,湖南省,6698.0,,,,,11.89,6.8,5.09
121,628,2004,440000,广东省,9111.0,,,,,13.13,5.12,8.01
361,868,2004,630000,青海省,539.0,,,,,16.32,6.45,9.87
233,740,2004,110000,北京市,1493.0,,,,,6.1,5.4,0.7
249,756,2004,650000,新疆维吾尔自治区,1963.0,,,,,16.0,5.09,10.91
66,573,2005,156,中国,130756.0,67375.0,63381.0,56212.0,74544.0,12.4,6.51,5.89
74,581,2005,350000,福建省,3557.0,,,1757.0,1800.0,11.6,5.62,5.98
266,773,2005,330000,浙江省,4991.0,,,2796.0,2195.0,11.1,6.08,5.02
298,805,2005,430000,湖南省,6326.0,,,2341.0,3985.0,11.9,6.75,5.15
554,1061,2005,420000,湖北省,5710.0,,,2467.0,3243.0,8.74,5.69,3.05
234,741,2005,110000,北京市,1538.0,,,1286.0,252.0,6.29,5.2,1.09
282,789,2005,450000,广西壮族自治区,4660.0,,,1567.0,3093.0,14.26,6.09,8.16
538,1045,2005,310000,上海市,1890.0,,,1684.0,206.0,7.04,6.08,0.96
314,821,2005,610000,陕西省,3690.0,,,1374.0,2316.0,10.02,6.01,4.01
250,757,2005,650000,新疆维吾尔自治区,2010.0,,,747.0,1264.0,16.42,5.04,11.38
442,949,2005,360000,江西省,4311.0,,,1595.0,2716.0,13.79,5.96,7.83
218,725,2005,320000,江苏省,7588.0,,,3832.0,3756.0,9.24,7.03,2.21
138,645,2005,500000,重庆市,2798.0,,,1265.0,1533.0,9.4,6.4,3.0
426,933,2005,210000,辽宁省,4221.0,,,2478.0,1743.0,7.01,6.04,0.97
458,965,2005,150000,内蒙古自治区,2403.0,,,1134.0,1269.0,10.08,5.46,4.62
122,629,2005,440000,广东省,9194.0,,,5579.0,3615.0,11.7,4.68,7.02
154,661,2005,620000,甘肃省,2545.0,,,764.0,1781.0,12.59,6.57,6.02
410,917,2005,120000,天津市,1043.0,,,783.0,259.0,7.44,6.01,1.43
474,981,2005,220000,吉林省,2716.0,,,1426.0,1290.0,7.89,5.32,2.57
394,901,2005,460000,海南省,828.0,,,374.0,454.0,14.65,5.72,8.93
170,677,2005,510000,四川省,8212.0,,,2710.0,5502.0,9.7,6.8,2.9
522,1029,2005,370000,山东省,9248.0,,,4162.0,5086.0,12.14,6.31,5.83
378,885,2005,540000,西藏自治区,280.0,,,58.0,222.0,17.94,7.15,10.79
186,693,2005,410000,河南省,9380.0,,,2875.0,6505.0,11.55,6.3,5.25
106,613,2005,640000,宁夏回族自治区,596.0,,,252.0,344.0,15.93,4.95,10.98
362,869,2005,630000,青海省,543.0,,,213.0,330.0,15.7,6.21,9.49
330,837,2005,140000,山西省,3355.0,,,1413.0,1942.0,12.02,6.0,6.02
346,853,2005,230000,黑龙江省,3820.0,,,2028.0,1792.0,7.87,5.2,2.67
490,997,2005,130000,河北省,6851.0,,,2582.0,4269.0,12.84,6.75,6.09
202,709,2005,340000,安徽省,6120.0,,,2173.0,3947.0,12.43,6.23,6.2
90,597,2005,520000,贵州省,3730.0,,,1002.0,2728.0,14.59,7.21,7.38
506,1013,2005,530000,云南省,4450.0,,,1313.0,3138.0,14.72,6.75,7.97
503,1010,2006,530000,云南省,4483.0,,,1367.0,3116.0,13.2,6.3,6.9
327,834,2006,140000,山西省,3375.0,,,1451.0,1923.0,11.48,5.73,5.75
439,946,2006,360000,江西省,4339.0,,,1678.0,2661.0,13.8,6.01,7.79
263,770,2006,330000,浙江省,5072.0,,,2866.0,2206.0,10.29,5.42,4.87
311,818,2006,610000,陕西省,3699.0,,,1447.0,2252.0,10.19,6.15,4.04
423,930,2006,210000,辽宁省,4271.0,,,2519.0,1752.0,6.4,5.3,1.1
551,1058,2006,420000,湖北省,5693.0,,,2494.0,3199.0,9.08,5.95,3.13
455,962,2006,150000,内蒙古自治区,2415.0,,,1175.0,1240.0,9.87,5.91,3.96
391,898,2006,460000,海南省,836.0,,,385.0,451.0,14.59,5.73,8.86
519,1026,2006,370000,山东省,9309.0,,,4291.0,5017.0,11.6,6.1,5.5
343,850,2006,230000,黑龙江省,3823.0,,,2045.0,1778.0,7.57,5.18,2.39
375,882,2006,540000,西藏自治区,285.0,,,60.0,225.0,17.4,5.7,11.7
487,994,2006,130000,河北省,6898.0,,,2674.0,4224.0,12.82,6.59,6.23
407,914,2006,120000,天津市,1075.0,,,814.0,261.0,7.67,6.07,1.6
471,978,2006,220000,吉林省,2723.0,,,1442.0,1281.0,7.67,5.0,2.67
535,1042,2006,310000,上海市,1964.0,,,1742.0,222.0,7.47,5.89,1.58
359,866,2006,630000,青海省,548.0,,,215.0,333.0,15.24,6.27,8.97
295,802,2006,430000,湖南省,6342.0,,,2455.0,3887.0,11.92,6.73,5.19
279,786,2006,450000,广西壮族自治区,4719.0,,,1635.0,3084.0,14.44,6.1,8.34
0,507,2006,156,中国,131448.0,67728.0,63720.0,58288.0,73160.0,12.09,6.81,5.28
199,706,2006,340000,安徽省,6110.0,,,2267.0,3843.0,12.6,6.3,6.3
135,642,2006,500000,重庆市,2808.0,,,1311.0,1497.0,9.9,6.5,3.4
103,610,2006,640000,宁夏回族自治区,604.0,,,260.0,344.0,15.53,4.84,10.69
151,658,2006,620000,甘肃省,2547.0,,,792.0,1755.0,12.86,6.62,6.24
167,674,2006,510000,四川省,8169.0,,,2802.0,5367.0,9.14,6.28,2.86
247,754,2006,650000,新疆维吾尔自治区,2050.0,,,778.0,1272.0,15.79,5.03,10.76
71,578,2006,350000,福建省,3585.0,,,1807.0,1778.0,12.0,5.75,6.25
183,690,2006,410000,河南省,9392.0,,,3050.0,6342.0,11.59,6.27,5.32
231,738,2006,110000,北京市,1601.0,,,1350.0,251.0,6.26,4.97,1.29
87,594,2006,520000,贵州省,3690.0,,,1013.0,2677.0,13.97,6.71,7.26
215,722,2006,320000,江苏省,7656.0,,,3973.0,3682.0,9.36,7.08,2.28
119,626,2006,440000,广东省,9442.0,,,5949.0,3494.0,11.78,4.49,7.29
376,883,2007,540000,西藏自治区,289.0,,,62.0,227.0,16.4,5.1,11.3
200,707,2007,340000,安徽省,6118.0,,,2368.0,3750.0,12.75,6.4,6.35
472,979,2007,220000,吉林省,2730.0,,,1451.0,1279.0,7.55,5.05,2.5
408,915,2007,120000,天津市,1115.0,,,851.0,264.0,7.91,5.86,2.05
296,803,2007,430000,湖南省,6355.0,,,2571.0,3784.0,11.96,6.71,5.25
312,819,2007,610000,陕西省,3708.0,,,1506.0,2202.0,10.21,6.16,4.05
104,611,2007,640000,宁夏回族自治区,610.0,,,269.0,342.0,14.8,5.04,9.76
440,947,2007,360000,江西省,4368.0,,,1739.0,2630.0,13.86,5.99,7.87
344,851,2007,230000,黑龙江省,3824.0,,,2061.0,1763.0,7.88,5.39,2.49
136,643,2007,500000,重庆市,2816.0,,,1360.0,1456.0,10.1,6.3,3.8
152,659,2007,620000,甘肃省,2548.0,,,822.0,1726.0,13.14,6.65,6.49
488,995,2007,130000,河北省,6943.0,,,2795.0,4148.0,13.33,6.78,6.55
264,771,2007,330000,浙江省,5155.0,,,2949.0,2206.0,10.38,5.57,4.81
216,723,2007,320000,江苏省,7723.0,,,4109.0,3614.0,9.37,7.07,2.3
424,931,2007,210000,辽宁省,4298.0,,,2544.0,1754.0,6.89,5.36,1.53
328,835,2007,140000,山西省,3393.0,,,1494.0,1899.0,11.3,5.97,5.33
552,1059,2007,420000,湖北省,5699.0,,,2525.0,3174.0,9.19,5.96,3.23
184,691,2007,410000,河南省,9360.0,,,3214.0,6146.0,11.26,6.32,4.94
392,899,2007,460000,海南省,845.0,,,399.0,446.0,14.62,5.71,8.91
168,675,2007,510000,四川省,8127.0,,,2893.0,5234.0,9.21,6.29,2.92
536,1043,2007,310000,上海市,2064.0,,,1830.0,233.0,9.07,6.03,3.04
88,595,2007,520000,贵州省,3632.0,,,1026.0,2606.0,13.28,6.6,6.68
248,755,2007,650000,新疆维吾尔自治区,2095.0,,,820.0,1275.0,16.79,5.01,11.78
280,787,2007,450000,广西壮族自治区,4768.0,,,1728.0,3040.0,14.19,5.99,8.2
520,1027,2007,370000,山东省,9367.0,,,4379.0,4988.0,11.11,6.11,5.0
72,579,2007,350000,福建省,3612.0,,,1857.0,1755.0,11.9,5.9,6.0
1,508,2007,156,中国,132129.0,68048.0,64081.0,60633.0,71496.0,12.1,6.93,5.17
232,739,2007,110000,北京市,1676.0,,,1416.0,260.0,8.32,4.92,3.4
504,1011,2007,530000,云南省,4514.0,,,1426.0,3088.0,13.08,6.22,6.86
360,867,2007,630000,青海省,552.0,,,221.0,331.0,14.93,6.13,8.8
456,963,2007,150000,内蒙古自治区,2429.0,,,1218.0,1211.0,10.21,5.73,4.48
120,627,2007,440000,广东省,9660.0,,,6099.0,3560.0,11.96,4.66,7.3
333,840,2008,140000,山西省,3411.0,,,1539.0,1872.0,11.32,6.01,5.31
77,584,2008,350000,福建省,3639.0,,,1929.0,1710.0,12.2,5.9,6.3
477,984,2008,220000,吉林省,2734.0,,,1455.0,1279.0,6.65,5.04,1.61
413,920,2008,120000,天津市,1176.0,,,908.0,268.0,8.13,5.94,2.19
157,664,2008,620000,甘肃省,2551.0,,,856.0,1695.0,13.22,6.68,6.54
349,856,2008,230000,黑龙江省,3825.0,,,2119.0,1706.0,7.91,5.68,2.23
525,1032,2008,370000,山东省,9417.0,,,4483.0,4935.0,11.25,6.16,5.09
93,600,2008,520000,贵州省,3596.0,,,1047.0,2549.0,13.49,6.77,6.72
365,872,2008,630000,青海省,554.0,,,226.0,328.0,14.49,6.14,8.35
397,904,2008,460000,海南省,854.0,,,410.0,444.0,14.71,5.72,8.99
509,1016,2008,530000,云南省,4543.0,,,1499.0,3044.0,12.63,6.31,6.32
189,696,2008,410000,河南省,9429.0,,,3397.0,6032.0,11.42,6.45,4.97
173,680,2008,510000,四川省,8138.0,,,3044.0,5094.0,9.54,7.15,2.39
381,888,2008,540000,西藏自治区,292.0,,,64.0,228.0,15.5,5.2,10.3
205,712,2008,340000,安徽省,6135.0,,,2485.0,3650.0,13.05,6.6,6.45
429,936,2008,210000,辽宁省,4315.0,,,2591.0,1724.0,6.32,5.22,1.1
221,728,2008,320000,江苏省,7762.0,,,4215.0,3547.0,9.34,7.04,2.3
493,1000,2008,130000,河北省,6989.0,,,2928.0,4060.0,13.04,6.49,6.55
109,616,2008,640000,宁夏回族自治区,618.0,,,278.0,340.0,14.31,4.62,9.69
4,511,2008,156,中国,132802.0,68357.0,64445.0,62403.0,70399.0,12.14,7.06,5.08
301,808,2008,430000,湖南省,6380.0,,,2689.0,3691.0,12.68,7.28,5.4
125,632,2008,440000,广东省,9893.0,,,6269.0,3624.0,11.8,4.55,7.25
269,776,2008,330000,浙江省,5212.0,,,3002.0,2210.0,10.2,5.62,4.58
445,952,2008,360000,江西省,4400.0,,,1820.0,2580.0,13.92,6.01,7.91
141,648,2008,500000,重庆市,2839.0,,,1419.0,1420.0,10.1,6.3,3.8
285,792,2008,450000,广西壮族自治区,4816.0,,,1838.0,2978.0,14.4,5.7,8.7
557,1064,2008,420000,湖北省,5711.0,,,2581.0,3130.0,9.21,6.5,2.71
237,744,2008,110000,北京市,1771.0,,,1504.0,267.0,8.17,4.75,3.42
317,824,2008,610000,陕西省,3718.0,,,1565.0,2153.0,10.29,6.21,4.08
461,968,2008,150000,内蒙古自治区,2444.0,,,1264.0,1180.0,9.81,5.54,4.27
541,1048,2008,310000,上海市,2141.0,,,1897.0,244.0,8.89,6.17,2.72
253,760,2008,650000,新疆维吾尔自治区,2131.0,,,845.0,1286.0,16.05,4.88,11.17
398,905,2009,460000,海南省,864.0,,,425.0,440.0,14.66,5.7,8.96
238,745,2009,110000,北京市,1860.0,,,1581.0,279.0,8.06,4.56,3.5
110,617,2009,640000,宁夏回族自治区,625.0,,,288.0,337.0,14.38,4.7,9.68
558,1065,2009,420000,湖北省,5720.0,,,2631.0,3089.0,9.48,6.0,3.48
190,697,2009,410000,河南省,9487.0,,,3577.0,5910.0,11.45,6.46,4.99
286,793,2009,450000,广西壮族自治区,4856.0,,,1904.0,2952.0,14.17,5.64,8.53
510,1017,2009,530000,云南省,4571.0,,,1554.0,3017.0,12.53,6.45,6.08
126,633,2009,440000,广东省,10130.0,,,6423.0,3708.0,11.78,4.52,7.26
78,585,2009,350000,福建省,3666.0,,,2020.0,1646.0,12.2,6.0,6.2
174,681,2009,510000,四川省,8185.0,,,3168.0,5017.0,9.15,6.43,2.72
366,873,2009,630000,青海省,557.0,,,234.0,324.0,14.51,6.19,8.32
430,937,2009,210000,辽宁省,4341.0,,,2620.0,1721.0,6.06,5.09,0.97
5,512,2009,156,中国,133450.0,68646.68,64803.32,64512.0,68938.0,11.95,7.08,4.87
350,857,2009,230000,黑龙江省,3826.0,,,2123.0,1703.0,7.48,5.42,2.06
382,889,2009,540000,西藏自治区,296.0,,,66.0,230.0,15.31,5.07,10.24
494,1001,2009,130000,河北省,7034.0,,,3077.0,3957.0,12.93,6.43,6.5
478,985,2009,220000,吉林省,2740.0,,,1461.0,1279.0,6.69,4.74,1.95
318,825,2009,610000,陕西省,3727.0,,,1621.0,2106.0,10.24,6.24,4.0
542,1049,2009,310000,上海市,2210.0,,,1958.0,252.0,8.64,5.94,2.7
142,649,2009,500000,重庆市,2859.0,,,1475.0,1384.0,9.9,6.2,3.7
334,841,2009,140000,山西省,3427.0,,,1576.0,1851.0,10.87,5.98,4.89
222,729,2009,320000,江苏省,7810.0,,,4343.0,3468.0,9.55,6.99,2.56
158,665,2009,620000,甘肃省,2555.0,,,891.0,1664.0,13.32,6.71,6.61
462,969,2009,150000,内蒙古自治区,2458.0,,,1313.0,1146.0,9.57,5.61,3.96
206,713,2009,340000,安徽省,6131.0,,,2581.0,3550.0,13.07,6.6,6.47
302,809,2009,430000,湖南省,6406.0,,,2767.0,3639.0,13.05,6.94,6.11
414,921,2009,120000,天津市,1228.0,,,958.0,270.0,8.3,5.7,2.6
446,953,2009,360000,江西省,4432.0,,,1914.0,2518.0,13.87,5.98,7.89
94,601,2009,520000,贵州省,3537.0,,,1057.0,2480.0,13.65,6.69,6.96
526,1033,2009,370000,山东省,9470.0,,,4576.0,4894.0,11.7,6.08,5.62
254,761,2009,650000,新疆维吾尔自治区,2159.0,,,860.0,1298.0,15.99,5.43,10.56
270,777,2009,330000,浙江省,5276.0,,,3055.0,2221.0,10.22,5.59,4.63
480,987,2010,220000,吉林省,2747.0,,,1465.0,1281.0,7.91,5.88,2.03
512,1019,2010,530000,云南省,4602.0,,,1597.0,3005.0,13.1,6.56,6.54
112,619,2010,640000,宁夏回族自治区,633.0,,,303.0,330.0,14.14,5.1,9.04
464,971,2010,150000,内蒙古自治区,2472.0,,,1372.0,1100.0,9.3,5.54,3.76
160,667,2010,620000,甘肃省,2560.0,,,925.0,1635.0,12.05,6.02,6.03
128,635,2010,440000,广东省,10441.0,,,6910.0,3531.0,11.18,4.21,6.97
448,955,2010,360000,江西省,4462.0,,,1966.0,2496.0,13.72,6.06,7.66
416,923,2010,120000,天津市,1299.0,,,1034.0,266.0,8.18,5.58,2.6
96,603,2010,520000,贵州省,3479.0,,,1176.0,2303.0,13.96,6.55,7.41
144,651,2010,500000,重庆市,2885.0,,,1529.0,1355.0,9.17,6.4,2.77
432,939,2010,210000,辽宁省,4375.0,,,2717.0,1658.0,6.68,6.26,0.42
496,1003,2010,130000,河北省,7194.0,,,3201.0,3993.0,13.22,6.41,6.81
400,907,2010,460000,海南省,869.0,,,433.0,436.0,14.71,5.73,8.98
176,683,2010,510000,四川省,8045.0,,,3232.0,4812.0,8.93,6.62,2.31
80,587,2010,350000,福建省,3693.0,,,2109.0,1584.0,11.27,5.16,6.11
208,715,2010,340000,安徽省,5957.0,,,2562.0,3395.0,12.7,5.95,6.75
240,747,2010,110000,北京市,1962.0,,,1686.0,275.0,7.48,4.41,3.07
192,699,2010,410000,河南省,9405.0,,,3621.0,5784.0,11.52,6.57,4.95
304,811,2010,430000,湖南省,6570.0,,,2845.0,3725.0,13.1,6.7,6.4
352,859,2010,230000,黑龙江省,3833.0,,,2134.0,1700.0,7.35,5.03,2.32
320,827,2010,610000,陕西省,3735.0,,,1709.0,2026.0,9.73,6.01,3.72
368,875,2010,630000,青海省,563.0,,,252.0,311.0,14.94,6.31,8.63
272,779,2010,330000,浙江省,5447.0,,,3356.0,2090.0,10.27,5.54,4.73
528,1035,2010,370000,山东省,9588.0,,,4765.0,4823.0,11.65,6.26,5.39
288,795,2010,450000,广西壮族自治区,4610.0,,,1844.0,2766.0,14.13,5.48,8.65
224,731,2010,320000,江苏省,7869.0,,,4767.0,3102.0,9.73,6.88,2.85
544,1051,2010,310000,上海市,2303.0,,,2056.0,246.0,7.05,5.07,1.98
256,763,2010,650000,新疆维吾尔自治区,2185.0,,,940.0,1245.0,15.99,5.43,10.56
7,514,2010,156,中国,134091.0,68748.4557,65342.5443,66978.4545,67112.5455,11.9,7.11,4.79
384,891,2010,540000,西藏自治区,300.0,,,68.0,232.0,15.8,5.55,10.25
336,843,2010,140000,山西省,3574.0,,,1717.0,1857.0,10.68,5.38,5.3
560,1067,2010,420000,湖北省,5728.0,,,2847.0,2881.0,10.36,6.02,4.34
287,794,2011,450000,广西壮族自治区,4655.0,,,1942.0,2703.0,13.71,6.04,7.67
335,842,2011,140000,山西省,3562.0,,,1785.0,1808.0,10.47,5.61,4.86
127,634,2011,440000,广东省,10756.0,,,6986.0,3519.0,10.45,4.35,6.1
559,1066,2011,420000,湖北省,5760.0,,,2984.0,2774.0,10.39,6.01,4.38
415,922,2011,120000,天津市,1341.0,,,1090.0,264.0,8.58,6.08,2.5
431,938,2011,210000,辽宁省,4379.0,,,2807.0,1576.0,5.71,6.05,-0.34
319,826,2011,610000,陕西省,3765.0,,,1770.0,1973.0,9.75,6.06,3.69
143,650,2011,500000,重庆市,2944.0,,,1606.0,1313.0,9.88,6.71,3.17
543,1050,2011,310000,上海市,2356.0,,,2096.0,251.0,6.97,5.1,1.87
223,730,2011,320000,江苏省,8023.0,,,4889.0,3009.0,9.59,6.98,2.61
6,513,2011,156,中国,134916.0,69161.0,65755.0,69927.0,64989.0,13.27,7.14,6.13
447,954,2011,360000,江西省,4474.0,,,2051.0,2437.0,13.48,5.98,7.5
495,1002,2011,130000,河北省,7232.0,,,3302.0,3939.0,13.02,6.52,6.5
239,746,2011,110000,北京市,2024.0,,,1740.0,279.0,8.29,4.27,4.02
303,810,2011,430000,湖南省,6581.0,,,2975.0,3621.0,13.35,6.8,6.55
79,586,2011,350000,福建省,3784.0,,,2161.0,1559.0,11.41,5.2,6.21
511,1018,2011,530000,云南省,4620.0,,,1704.0,2927.0,12.71,6.36,6.35
367,874,2011,630000,青海省,568.0,,,263.0,306.0,14.43,6.12,8.31
399,906,2011,460000,海南省,890.0,,,443.0,434.0,14.72,5.75,8.97
207,714,2011,340000,安徽省,5972.0,,,2674.0,3294.0,12.23,5.91,6.32
191,698,2011,410000,河南省,9461.0,,,3809.0,5579.0,11.56,6.62,4.94
479,986,2011,220000,吉林省,2725.0,,,1468.0,1281.0,6.53,5.51,1.02
111,618,2011,640000,宁夏回族自治区,648.0,,,319.0,321.0,13.65,4.68,8.97
255,762,2011,650000,新疆维吾尔自治区,2225.0,,,962.0,1247.0,14.99,4.42,10.57
383,890,2011,540000,西藏自治区,309.0,,,69.0,234.0,15.39,5.13,10.26
351,858,2011,230000,黑龙江省,3782.0,,,2166.0,1668.0,6.99,5.92,1.07
527,1034,2011,370000,山东省,9665.0,,,4910.0,4727.0,11.5,6.4,5.1
95,602,2011,520000,贵州省,3530.0,,,1213.0,2256.0,13.31,6.93,6.38
463,970,2011,150000,内蒙古自治区,2470.0,,,1405.0,1077.0,8.94,5.43,3.51
175,682,2011,510000,四川省,8064.0,,,3367.0,4683.0,9.79,6.81,2.98
159,666,2011,620000,甘肃省,2552.0,,,953.0,1612.0,12.08,6.03,6.05
271,778,2011,330000,浙江省,5570.0,,,3403.0,2060.0,9.47,5.4,4.07
562,1069,2012,420000,湖北省,5781.0,,,3092.0,2687.0,11.0,6.12,4.88
546,1053,2012,310000,上海市,2399.0,,,2126.0,255.0,9.56,5.36,4.2
274,781,2012,330000,浙江省,5685.0,,,3461.0,2016.0,10.12,5.52,4.6
450,957,2012,360000,江西省,4475.0,,,2140.0,2364.0,13.46,6.14,7.32
130,637,2012,440000,广东省,11041.0,,,7140.0,3454.0,11.6,4.65,6.95
466,973,2012,150000,内蒙古自治区,2464.0,,,1438.0,1052.0,9.17,5.52,3.65
290,797,2012,450000,广西壮族自治区,4694.0,,,2038.0,2644.0,14.2,6.31,7.89
242,749,2012,110000,北京市,2078.0,,,1784.0,286.0,9.05,4.31,4.74
482,989,2012,220000,吉林省,2698.0,,,1477.0,1273.0,5.73,5.37,0.36
114,621,2012,640000,宁夏回族自治区,659.0,,,328.0,319.0,13.26,4.33,8.93
386,893,2012,540000,西藏自治区,315.0,,,70.0,238.0,15.48,5.21,10.27
322,829,2012,610000,陕西省,3787.0,,,1877.0,1876.0,10.12,6.24,3.88
306,813,2012,430000,湖南省,6590.0,,,3097.0,3542.0,13.58,7.01,6.57
514,1021,2012,530000,云南省,4631.0,,,1831.0,2828.0,12.63,6.41,6.22
178,685,2012,510000,四川省,8085.0,,,3516.0,4561.0,9.89,6.92,2.97
82,589,2012,350000,福建省,3841.0,,,2234.0,1514.0,12.74,5.73,7.01
370,877,2012,630000,青海省,571.0,,,272.0,301.0,14.3,6.06,8.24
402,909,2012,460000,海南省,910.0,,,457.0,429.0,14.66,5.81,8.85
162,669,2012,620000,甘肃省,2550.0,,,999.0,1579.0,12.11,6.05,6.06
194,701,2012,410000,河南省,9532.0,,,3991.0,5415.0,11.87,6.71,5.16
354,861,2012,230000,黑龙江省,3724.0,,,2182.0,1652.0,7.3,6.03,1.27
530,1037,2012,370000,山东省,9708.0,,,5078.0,4607.0,11.9,6.95,4.95
498,1005,2012,130000,河北省,7262.0,,,3411.0,3877.0,12.88,6.41,6.47
418,925,2012,120000,天津市,1378.0,,,1152.0,261.0,8.75,6.12,2.63
258,765,2012,650000,新疆维吾尔自治区,2253.0,,,982.0,1251.0,15.32,4.48,10.84
226,733,2012,320000,江苏省,8120.0,,,4990.0,2930.0,9.44,6.99,2.45
98,605,2012,520000,贵州省,3587.0,,,1269.0,2216.0,13.27,6.96,6.31
146,653,2012,500000,重庆市,2975.0,,,1678.0,1267.0,10.86,6.86,4.0
434,941,2012,210000,辽宁省,4375.0,,,2881.0,1508.0,6.15,6.54,-0.39
210,717,2012,340000,安徽省,5978.0,,,2784.0,3204.0,13.0,6.14,6.86
9,516,2012,156,中国,135922.0,69660.0,66262.0,72175.0,63747.0,14.57,7.13,7.43
338,845,2012,140000,山西省,3548.0,,,1851.0,1760.0,10.7,5.83,4.87
81,588,2013,350000,福建省,3885.0,,,2293.0,1481.0,12.2,6.01,6.19
561,1068,2013,420000,湖北省,5798.0,,,3161.0,2638.0,11.08,6.15,4.93
97,604,2013,520000,贵州省,3632.0,,,1325.0,2177.0,13.05,7.15,5.9
497,1004,2013,130000,河北省,7288.0,,,3528.0,3804.0,13.04,6.87,6.17
529,1036,2013,370000,山东省,9746.0,,,5232.0,4502.0,11.41,6.4,5.01
545,1052,2013,310000,上海市,2448.0,,,2164.0,251.0,8.18,5.24,2.94
481,988,2013,220000,吉林省,2668.0,,,1491.0,1260.0,5.36,5.04,0.32
513,1020,2013,530000,云南省,4641.0,,,1897.0,2789.0,12.6,6.43,6.17
8,515,2013,156,中国,136726.0,70063.0,66663.0,74502.0,62224.0,13.03,7.13,5.9
257,764,2013,650000,新疆维吾尔自治区,2285.0,,,1007.0,1257.0,15.84,4.92,10.92
433,940,2013,210000,辽宁省,4365.0,,,2917.0,1473.0,6.09,6.12,-0.03
193,700,2013,410000,河南省,9573.0,,,4123.0,5290.0,12.27,6.76,5.51
145,652,2013,500000,重庆市,3011.0,,,1733.0,1237.0,10.37,6.77,3.6
161,668,2013,620000,甘肃省,2537.0,,,1036.0,1546.0,12.16,6.08,6.08
353,860,2013,230000,黑龙江省,3666.0,,,2201.0,1634.0,6.86,6.08,0.78
289,796,2013,450000,广西壮族自治区,4731.0,,,2115.0,2604.0,14.28,6.35,7.93
401,908,2013,460000,海南省,920.0,,,472.0,423.0,14.59,5.9,8.69
305,812,2013,430000,湖南省,6600.0,,,3209.0,3482.0,13.5,6.96,6.54
225,732,2013,320000,江苏省,8192.0,,,5090.0,2849.0,9.44,7.01,2.43
417,924,2013,120000,天津市,1410.0,,,1207.0,265.0,8.28,6.0,2.28
177,684,2013,510000,四川省,8109.0,,,3640.0,4467.0,9.9,6.9,3.0
273,780,2013,330000,浙江省,5784.0,,,3519.0,1979.0,10.01,5.45,4.56
337,844,2013,140000,山西省,3535.0,,,1908.0,1722.0,10.81,5.57,5.24
241,748,2013,110000,北京市,2125.0,,,1825.0,290.0,8.93,4.52,4.41
129,636,2013,440000,广东省,11270.0,,,7212.0,3432.0,10.71,4.69,6.02
385,892,2013,540000,西藏自治区,317.0,,,74.0,238.0,15.77,5.39,10.38
209,716,2013,340000,安徽省,5988.0,,,2886.0,3144.0,12.88,6.06,6.82
465,972,2013,150000,内蒙古自治区,2455.0,,,1466.0,1031.0,8.98,5.62,3.36
321,828,2013,610000,陕西省,3804.0,,,1931.0,1833.0,10.01,6.15,3.86
113,620,2013,640000,宁夏回族自治区,666.0,,,340.0,314.0,13.12,4.5,8.62
449,956,2013,360000,江西省,4476.0,,,2210.0,2312.0,13.19,6.28,6.91
369,876,2013,630000,青海省,571.0,,,280.0,298.0,14.16,6.13,8.03
236,743,2014,110000,北京市,2171.0,,,1858.0,294.0,9.75,4.92,4.83
380,887,2014,540000,西藏自治区,325.0,,,82.0,236.0,15.76,5.21,10.55
188,695,2014,410000,河南省,9645.0,,,4265.0,5171.0,12.8,7.02,5.78
508,1015,2014,530000,云南省,4653.0,,,1967.0,2747.0,12.65,6.45,6.2
524,1031,2014,370000,山东省,9808.0,,,5385.0,4404.0,14.23,6.84,7.39
348,855,2014,230000,黑龙江省,3608.0,,,2224.0,1609.0,7.37,6.46,0.91
300,807,2014,430000,湖南省,6611.0,,,3320.0,3417.0,13.52,6.89,6.63
204,711,2014,340000,安徽省,5997.0,,,2990.0,3093.0,12.86,5.89,6.97
76,583,2014,350000,福建省,3945.0,,,2352.0,1454.0,13.7,6.2,7.5
332,839,2014,140000,山西省,3528.0,,,1962.0,1686.0,10.92,5.93,4.99
316,823,2014,610000,陕西省,3827.0,,,1985.0,1791.0,10.13,6.26,3.87
364,871,2014,630000,青海省,576.0,,,290.0,293.0,14.67,6.18,8.49
172,679,2014,510000,四川省,8139.0,,,3769.0,4371.0,10.22,7.02,3.2
540,1047,2014,310000,上海市,2467.0,,,2173.0,252.0,8.35,5.21,3.14
396,903,2014,460000,海南省,936.0,,,486.0,418.0,14.56,5.95,8.61
476,983,2014,220000,吉林省,2642.0,,,1509.0,1244.0,6.62,6.22,0.4
460,967,2014,150000,内蒙古自治区,2449.0,,,1491.0,1014.0,9.31,5.75,3.56
124,631,2014,440000,广东省,11489.0,,,7292.0,3432.0,10.8,4.7,6.1
108,615,2014,640000,宁夏回族自治区,678.0,,,355.0,307.0,13.1,4.53,8.57
268,775,2014,330000,浙江省,5890.0,,,3573.0,1935.0,10.51,5.51,5.0
444,951,2014,360000,江西省,4480.0,,,2281.0,2261.0,13.24,6.26,6.98
252,759,2014,650000,新疆维吾尔自治区,2325.0,,,1059.0,1240.0,16.44,4.97,11.47
492,999,2014,130000,河北省,7323.0,,,3642.0,3741.0,13.18,6.23,6.95
3,510,2014,156,中国,137646.0,70522.0,67124.0,76738.0,60908.0,13.83,7.12,6.71
428,935,2014,210000,辽宁省,4358.0,,,2944.0,1447.0,6.49,6.23,0.26
140,647,2014,500000,重庆市,3043.0,,,1783.0,1209.0,10.67,7.05,3.62
556,1063,2014,420000,湖北省,5816.0,,,3238.0,2578.0,11.86,6.96,4.9
156,663,2014,620000,甘肃省,2531.0,,,1080.0,1511.0,12.21,6.11,6.1
412,919,2014,120000,天津市,1429.0,,,1248.0,269.0,8.19,6.05,2.14
92,599,2014,520000,贵州省,3677.0,,,1404.0,2104.0,12.98,7.18,5.8
284,791,2014,450000,广西壮族自治区,4770.0,,,2187.0,2567.0,14.07,6.21,7.86
220,727,2014,320000,江苏省,8281.0,,,5191.0,2769.0,9.45,7.02,2.43
299,806,2015,430000,湖南省,6615.0,,,3452.0,3331.0,13.58,6.86,6.72
235,742,2015,110000,北京市,2188.0,,,1877.0,293.0,7.96,4.95,3.01
251,758,2015,650000,新疆维吾尔自治区,2385.0,,,1115.0,1245.0,15.59,4.51,11.08
555,1062,2015,420000,湖北省,5850.0,,,3327.0,2525.0,10.74,5.83,4.91
315,822,2015,610000,陕西省,3846.0,,,2045.0,1748.0,10.1,6.28,3.82
267,774,2015,330000,浙江省,5985.0,,,3645.0,1894.0,10.52,5.5,5.02
2,509,2015,156,中国,138326.0,70857.0,67469.0,79302.0,59024.0,11.99,7.07,4.93
283,790,2015,450000,广西壮族自治区,4811.0,,,2257.0,2539.0,14.05,6.15,7.9
475,982,2015,220000,吉林省,2613.0,,,1523.0,1230.0,5.87,5.53,0.34
347,854,2015,230000,黑龙江省,3529.0,,,2241.0,1570.0,6.0,6.6,-0.6
219,726,2015,320000,江苏省,8315.0,,,5306.0,2670.0,9.05,7.03,2.02
123,630,2015,440000,广东省,11678.0,,,7454.0,3395.0,11.12,4.32,6.8
459,966,2015,150000,内蒙古自治区,2440.0,,,1514.0,997.0,7.72,5.32,2.4
107,614,2015,640000,宁夏回族自治区,684.0,,,369.0,299.0,12.62,4.58,8.04
443,950,2015,360000,江西省,4485.0,,,2357.0,2209.0,13.2,6.24,6.96
539,1046,2015,310000,上海市,2458.0,,,2116.0,299.0,7.52,5.07,2.45
491,998,2015,130000,河北省,7345.0,,,3811.0,3614.0,11.35,5.79,5.56
427,934,2015,210000,辽宁省,4338.0,,,2952.0,1431.0,6.17,6.59,-0.42
155,662,2015,620000,甘肃省,2523.0,,,1123.0,1477.0,12.36,6.15,6.21
411,918,2015,120000,天津市,1439.0,,,1278.0,269.0,5.84,5.61,0.23
91,598,2015,520000,贵州省,3708.0,,,1483.0,2047.0,13.0,7.2,5.8
507,1014,2015,530000,云南省,4663.0,,,2055.0,2687.0,12.88,6.48,6.4
139,646,2015,500000,重庆市,3070.0,,,1838.0,1178.0,11.05,7.19,3.86
171,678,2015,510000,四川省,8196.0,,,3912.0,4292.0,10.3,6.94,3.36
379,886,2015,540000,西藏自治区,330.0,,,90.0,234.0,15.75,5.1,10.65
187,694,2015,410000,河南省,9701.0,,,4441.0,5039.0,12.7,7.05,5.65
363,870,2015,630000,青海省,577.0,,,296.0,292.0,14.72,6.17,8.55
523,1030,2015,370000,山东省,9866.0,,,5614.0,4233.0,12.55,6.67,5.88
203,710,2015,340000,安徽省,6011.0,,,3103.0,3041.0,12.92,5.94,6.98
75,582,2015,350000,福建省,3984.0,,,2403.0,1436.0,13.9,6.1,7.8
331,838,2015,140000,山西省,3519.0,,,2016.0,1648.0,9.98,5.56,4.42
395,902,2015,460000,海南省,945.0,,,502.0,409.0,14.57,6.0,8.57
581,1088,2016,230000,黑龙江省,3463.0,,,2249.0,1550.0,6.12,6.61,-0.49
582,1089,2016,630000,青海省,582.0,,,306.0,287.0,14.7,6.18,8.52
583,1090,2016,540000,西藏自治区,340.0,,,98.0,233.0,15.79,5.11,10.68
585,1092,2016,120000,天津市,1443.0,,,1295.0,267.0,7.37,5.54,1.83
586,1093,2016,210000,辽宁省,4327.0,,,2949.0,1429.0,6.6,6.78,-0.18
587,1094,2016,360000,江西省,4496.0,,,2438.0,2154.0,13.45,6.16,7.29
591,1098,2016,530000,云南省,4677.0,,,2148.0,2623.0,13.16,6.55,6.61
589,1096,2016,220000,吉林省,2567.0,,,1530.0,1203.0,5.55,5.6,-0.05
590,1097,2016,130000,河北省,7375.0,,,3983.0,3487.0,12.42,6.36,6.06
592,1099,2016,370000,山东省,9973.0,,,5871.0,4076.0,17.89,7.05,10.84
593,1100,2016,310000,上海市,2467.0,,,2127.0,293.0,9.0,5.0,4.0
594,1101,2016,420000,湖北省,5885.0,,,3419.0,2466.0,12.04,6.97,5.07
580,1087,2016,140000,山西省,3514.0,,,2070.0,1612.0,10.29,5.52,4.77
588,1095,2016,150000,内蒙古自治区,2436.0,,,1542.0,978.0,9.03,5.69,3.34
579,1086,2016,610000,陕西省,3874.0,,,2110.0,1703.0,10.64,6.23,4.41
584,1091,2016,460000,海南省,957.0,,,521.0,396.0,14.57,6.0,8.57
577,1084,2016,450000,广西壮族自治区,4857.0,,,2326.0,2512.0,13.82,5.95,7.87
563,1070,2016,156,中国,139232.0,71307.0,67925.0,81924.0,57308.0,13.57,7.04,6.53
564,1071,2016,350000,福建省,4016.0,,,2464.0,1410.0,14.5,6.2,8.3
565,1072,2016,520000,贵州省,3758.0,,,1570.0,1985.0,13.43,6.93,6.5
566,1073,2016,640000,宁夏回族自治区,695.0,,,380.0,295.0,13.69,4.72,8.97
567,1074,2016,440000,广东省,11908.0,,,7611.0,3388.0,11.85,4.41,7.44
568,1075,2016,500000,重庆市,3110.0,,,1908.0,1140.0,11.77,7.24,4.53
569,1076,2016,620000,甘肃省,2520.0,,,1166.0,1444.0,12.18,6.18,6.0
578,1085,2016,430000,湖南省,6625.0,,,3599.0,3223.0,13.57,7.01,6.56
571,1078,2016,410000,河南省,9778.0,,,4623.0,4909.0,13.26,7.11,6.15
572,1079,2016,340000,安徽省,6033.0,,,3221.0,2975.0,13.02,5.96,7.06
573,1080,2016,320000,江苏省,8381.0,,,5417.0,2582.0,9.76,7.03,2.73
574,1081,2016,110000,北京市,2195.0,,,1880.0,293.0,9.32,5.2,4.12
575,1082,2016,650000,新疆维吾尔自治区,2428.0,,,1159.0,1239.0,15.34,4.26,11.08
576,1083,2016,330000,浙江省,6072.0,,,3745.0,1845.0,11.22,5.52,5.7
570,1077,2016,510000,四川省,8251.0,,,4066.0,4196.0,10.48,6.99,3.49
613,1120,2017,230000,黑龙江省,3399.0,,,2250.0,1538.0,6.22,6.63,-0.41
614,1121,2017,630000,青海省,586.0,,,317.0,281.0,14.42,6.17,8.25
615,1122,2017,540000,西藏自治区,349.0,,,104.0,233.0,16.0,4.95,11.05
616,1123,2017,460000,海南省,972.0,,,537.0,389.0,14.73,6.01,8.72
617,1124,2017,120000,天津市,1410.0,,,1291.0,266.0,7.65,5.05,2.6
618,1125,2017,210000,辽宁省,4312.0,,,2949.0,1420.0,6.49,6.93,-0.44
619,1126,2017,360000,江西省,4511.0,,,2524.0,2098.0,13.79,6.08,7.71
622,1129,2017,130000,河北省,7409.0,,,4136.0,3383.0,13.2,6.6,6.6
621,1128,2017,220000,吉林省,2526.0,,,1539.0,1178.0,6.76,6.5,0.26
623,1130,2017,530000,云南省,4693.0,,,2241.0,2559.0,13.53,6.68,6.85
624,1131,2017,370000,山东省,10033.0,,,6062.0,3944.0,17.54,7.4,10.14
625,1132,2017,310000,上海市,2466.0,,,2121.0,297.0,8.1,5.3,2.8
626,1133,2017,420000,湖北省,5904.0,,,3500.0,2402.0,12.6,7.01,5.59
612,1119,2017,140000,山西省,3510.0,,,2123.0,1579.0,11.06,5.45,5.61
620,1127,2017,150000,内蒙古自治区,2433.0,,,1568.0,961.0,9.47,5.74,3.73
611,1118,2017,610000,陕西省,3904.0,,,2178.0,1657.0,11.11,6.24,4.87
610,1117,2017,430000,湖南省,6633.0,,,3747.0,3113.0,13.27,7.08,6.19
609,1116,2017,450000,广西壮族自治区,4907.0,,,2404.0,2481.0,15.14,6.22,8.92
595,1102,2017,156,中国,140011.0,71650.0,68361.0,84343.0,55668.0,12.64,7.06,5.58
596,1103,2017,350000,福建省,4065.0,,,2534.0,1377.0,15.0,6.2,8.8
597,1104,2017,520000,贵州省,3803.0,,,1648.0,1932.0,13.98,6.88,7.1
598,1105,2017,640000,宁夏回族自治区,705.0,,,395.0,287.0,13.44,4.75,8.69
600,1107,2017,500000,重庆市,3144.0,,,1971.0,1105.0,11.18,7.27,3.91
601,1108,2017,620000,甘肃省,2522.0,,,1218.0,1408.0,12.54,6.52,6.02
599,1106,2017,440000,广东省,12141.0,,,7802.0,3367.0,13.68,4.52,9.16
603,1110,2017,410000,河南省,9829.0,,,4795.0,4764.0,12.95,6.97,5.98
604,1111,2017,340000,安徽省,6057.0,,,3346.0,2909.0,14.07,5.9,8.17
605,1112,2017,320000,江苏省,8423.0,,,5521.0,2508.0,9.71,7.03,2.68
606,1113,2017,110000,北京市,2194.0,,,1878.0,293.0,9.06,5.3,3.76
607,1114,2017,650000,新疆维吾尔自治区,2480.0,,,1207.0,1238.0,15.88,4.48,11.4
608,1115,2017,330000,浙江省,6170.0,,,3847.0,1810.0,11.92,5.56,6.36
602,1109,2017,510000,四川省,8289.0,,,4217.0,4085.0,11.26,7.03,4.23
658,1354,2018,420000,湖北省,5917.0,,,3568.0,2349.0,11.54,7.0,4.54
645,1341,2018,230000,黑龙江省,3327.0,,,2268.0,1505.0,5.98,6.67,-0.69
646,1342,2018,630000,青海省,587.0,,,328.0,275.0,14.31,6.25,8.06
647,1343,2018,540000,西藏自治区,354.0,,,107.0,237.0,15.22,4.58,10.64
648,1344,2018,460000,海南省,982.0,,,552.0,382.0,14.48,6.01,8.47
649,1345,2018,120000,天津市,1383.0,,,1297.0,263.0,6.67,5.42,1.25
650,1346,2018,210000,辽宁省,4291.0,,,2968.0,1391.0,6.39,7.39,-1.0
657,1353,2018,310000,上海市,2475.0,,,2136.0,288.0,7.2,5.4,1.8
652,1348,2018,150000,内蒙古自治区,2422.0,,,1589.0,945.0,8.35,5.95,2.4
653,1349,2018,220000,吉林省,2484.0,,,1556.0,1148.0,6.62,6.26,0.36
654,1350,2018,130000,河北省,7426.0,,,4264.0,3292.0,11.26,6.38,4.88
655,1351,2018,530000,云南省,4703.0,,,2309.0,2521.0,13.19,6.32,6.87
656,1352,2018,370000,山东省,10077.0,,,6147.0,3900.0,13.26,7.18,6.08
644,1340,2018,140000,山西省,3502.0,,,2172.0,1546.0,9.63,5.32,4.31
651,1347,2018,360000,江西省,4513.0,,,2604.0,2044.0,13.43,6.06,7.37
643,1339,2018,610000,陕西省,3931.0,,,2246.0,1618.0,10.67,6.24,4.43
635,1322,2018,410000,河南省,9864.0,,,4967.0,4638.0,11.72,6.8,4.92
641,1337,2018,450000,广西壮族自治区,4947.0,,,2474.0,2452.0,14.12,5.96,8.16
642,1338,2018,430000,湖南省,6635.0,,,3865.0,3034.0,12.19,7.08,5.11
627,1174,2018,156,中国,140541.0,71864.0,68677.0,86433.0,54108.0,10.86,7.08,3.78
628,1278,2018,350000,福建省,4104.0,,,2594.0,1347.0,13.2,6.2,7.0
629,1316,2018,520000,贵州省,3822.0,,,1711.0,1889.0,13.9,6.85,7.05
631,1318,2018,440000,广东省,12348.0,,,8022.0,3324.0,12.79,4.55,8.24
632,1319,2018,500000,重庆市,3163.0,,,2032.0,1070.0,11.02,7.54,3.48
630,1317,2018,640000,宁夏回族自治区,710.0,,,405.0,283.0,13.32,5.54,7.78
634,1321,2018,510000,四川省,8321.0,,,4362.0,3979.0,11.05,7.01,4.04
636,1324,2018,340000,安徽省,6076.0,,,3459.0,2865.0,12.41,5.96,6.45
637,1333,2018,320000,江苏省,8446.0,,,5604.0,2447.0,9.32,7.03,2.29
638,1334,2018,110000,北京市,2192.0,,,1863.0,291.0,8.24,5.58,2.66
639,1335,2018,650000,新疆维吾尔自治区,2520.0,,,1266.0,1221.0,10.69,4.56,6.13
640,1336,2018,330000,浙江省,6273.0,,,3953.0,1784.0,11.02,5.58,5.44
633,1320,2018,620000,甘肃省,2515.0,,,1258.0,1379.0,11.07,6.65,4.42
681,1420,2019,120000,天津市,1385.0,,,1304.0,258.0,6.73,5.3,1.43
677,1416,2019,230000,黑龙江省,3255.0,,,2284.0,1467.0,5.73,6.74,-1.01
678,1417,2019,630000,青海省,590.0,,,337.0,271.0,13.66,6.08,7.58
679,1418,2019,540000,西藏自治区,361.0,,,111.0,240.0,14.6,4.46,10.14
680,1419,2019,460000,海南省,995.0,,,560.0,385.0,12.87,6.11,6.76
682,1421,2019,210000,辽宁省,4277.0,,,2964.0,1388.0,6.45,7.25,-0.8
689,1428,2019,310000,上海市,2481.0,,,2144.0,284.0,7.0,5.5,1.5
684,1423,2019,150000,内蒙古自治区,2415.0,,,1609.0,931.0,8.23,5.66,2.57
685,1424,2019,220000,吉林省,2448.0,,,1568.0,1123.0,6.05,6.9,-0.85
686,1425,2019,130000,河北省,7447.0,,,4374.0,3218.0,10.83,6.12,4.71
687,1426,2019,530000,云南省,4714.0,,,2376.0,2482.0,12.63,6.2,6.43
688,1427,2019,370000,山东省,10106.0,,,6194.0,3876.0,11.77,7.5,4.27
676,1415,2019,140000,山西省,3497.0,,,2221.0,1508.0,9.12,5.85,3.27
683,1422,2019,360000,江西省,4516.0,,,2679.0,1987.0,12.59,6.03,6.56
675,1414,2019,610000,陕西省,3944.0,,,2304.0,1572.0,10.55,6.28,4.27
667,1406,2019,410000,河南省,9901.0,,,5129.0,4511.0,11.02,6.84,4.18
673,1412,2019,450000,广西壮族自治区,4982.0,,,2534.0,2426.0,13.31,6.14,7.17
690,1429,2019,420000,湖北省,5927.0,,,3615.0,2312.0,11.35,7.08,4.27
659,1398,2019,156,中国,141008.0,72039.0,68969.0,88426.0,52582.0,10.41,7.09,3.32
660,1399,2019,350000,福建省,4137.0,,,2642.0,1331.0,12.9,6.1,6.8
661,1400,2019,520000,贵州省,3848.0,,,1776.0,1847.0,13.65,6.95,6.7
662,1401,2019,640000,宁夏回族自治区,717.0,,,416.0,279.0,13.72,5.69,8.03
663,1402,2019,440000,广东省,12489.0,,,8226.0,3295.0,12.54,4.46,8.08
674,1413,2019,430000,湖南省,6640.0,,,3959.0,2959.0,10.39,7.28,3.11
664,1403,2019,500000,重庆市,3188.0,,,2087.0,1037.0,10.48,7.57,2.91
666,1405,2019,510000,四川省,8351.0,,,4505.0,3870.0,10.7,7.09,3.61
668,1407,2019,340000,安徽省,6092.0,,,3553.0,2813.0,12.03,6.04,5.99
669,1408,2019,320000,江苏省,8469.0,,,5698.0,2372.0,9.12,7.04,2.08
670,1409,2019,110000,北京市,2190.0,,,1865.0,289.0,8.12,5.49,2.63
671,1410,2019,650000,新疆维吾尔自治区,2559.0,,,1309.0,1214.0,8.14,4.45,3.69
672,1411,2019,330000,浙江省,6375.0,,,4095.0,1755.0,10.51,5.52,4.99
665,1404,2019,620000,甘肃省,2509.0,,,1284.0,1363.0,10.6,6.75,3.85
691,1431,2020,156,中国,141212.0,72357.0,68855.0,90220.0,50992.0,8.52,7.07,1.45
