,id,stat_month,invest,invest_yoy,auxiliary_project,auxiliary_project_yoy,resident,resident_yoy,below90_house,below90_house_yoy,above144_house,above144_house_yoy,villa_flat,villa_flat_yoy,office,office_yoy,business,business_yoy,other_house,other_house_yoy,construct,construct_yoy,install,install_yoy,equipment_purchase,equipment_purchase_yoy,other_expense,other_expense_yoy,land_purchase,land_purchase_yoy,plan_invest,plan_invest_yoy,new_fixed_assets,new_fixed_assets_yoy
27,221,2000-02,246.04,19.8,,,165.39,33.0,,,,,,,17.86,-4.9,26.21,-1.8,36.58,2.9,,,,,,,,,,,,,,
28,222,2000-03,534.5,20.4,,,358.75,23.1,,,,,,,38.16,-17.4,55.53,12.2,82.07,44.2,,,,,,,,,,,,,,
29,223,2000-04,834.81,20.8,,,567.12,24.6,,,,,,,60.08,-11.9,83.94,12.9,123.66,32.4,,,,,,,,,,,,,,
30,224,2000-05,1175.89,20.8,,,808.23,26.6,,,,,,,84.44,-10.1,118.65,11.5,164.58,22.4,,,,,,,,,,,,,,
31,225,2000-06,1622.6,22.4,,,1125.54,28.8,,,,,,,114.37,-6.2,165.17,12.9,217.52,18.7,,,,,,,,,,,,,,
32,226,2000-07,2014.55,24.1,,,1397.42,29.5,,,,,,,140.79,-3.2,211.54,17.5,264.8,20.9,,,,,,,,,,,,,,
33,227,2000-08,2413.38,24.3,,,1668.16,29.0,,,,,,,166.17,-3.5,253.67,17.7,325.38,24.9,,,,,,,,,,,,,,
34,228,2000-09,2860.6,25.0,,,1976.31,29.8,,,,,,,193.81,-2.1,305.59,16.5,384.82,26.3,,,,,,,,,,,,,,
184,378,2000-10,3282.65,24.6,,,2272.17,29.2,,,,,,,216.27,-3.0,349.73,17.2,444.48,25.4,,,,,,,,,,,21317.25,34.2,1046.22,14.4
183,377,2000-11,3744.28,24.1,,,2605.45,29.2,,,,,,,238.57,-7.4,393.58,16.4,506.68,25.3,,,,,,,,,,,21968.83,37.9,1293.09,19.2
182,376,2000-12,4901.73,19.5,,,3318.74,25.8,,,,,,,292.57,-12.9,547.75,19.3,742.68,28.6,,,,,,,,,,,24702.42,33.5,3000.56,14.8
172,366,2001-02,319.93,23.0,,,216.73,31.0,,,,,,,20.59,15.3,32.56,24.2,50.05,36.8,,,,,,,,,,,11396.85,26.9,105.14,55.4
171,365,2001-03,677.2,22.9,,,461.32,28.6,,,,,,,37.8,-0.9,71.78,29.3,106.31,29.5,,,,,,,,,,,15480.49,27.8,233.85,86.3
170,364,2001-04,1057.25,22.8,,,721.95,27.3,,,,,,,57.48,-4.3,114.06,35.9,163.77,32.4,,,,,,,,,,,16910.26,27.4,352.84,78.3
169,363,2001-05,1534.85,26.5,,,1056.75,30.7,,,,,,,80.81,-4.3,164.34,38.5,232.95,41.5,,,,,,,,,,,17943.96,27.3,467.42,60.9
168,362,2001-06,2122.5,28.2,,,1457.98,29.5,,,,,,,113.38,-0.9,224.16,35.7,326.98,50.3,,,,,,,,,,,18992.26,26.8,651.9,39.5
167,361,2001-07,2651.75,31.6,,,1820.09,30.2,,,,,,,135.9,-3.5,288.94,36.6,406.81,53.6,,,,,,,,,,,19973.21,27.2,790.7,25.1
58,252,2001-08,3187.93,32.1,,,2196.54,31.7,,,,,,,157.69,-5.1,349.18,37.7,484.52,48.9,,,,,,,,,,,20536.51,27.5,998.41,36.1
38,232,2001-09,3758.82,31.4,,,2604.01,31.8,,,,,,,182.07,-6.1,413.65,35.4,559.1,45.3,,,,,,,,,,,21225.9,27.4,1199.06,34.8
9,203,2001-10,4305.74,31.2,,,2997.92,31.9,,,,,,,206.92,-4.3,472.64,35.1,628.26,41.3,,,,,,,,,,,21712.44,25.4,1393.8,33.2
10,204,2001-11,4857.16,29.7,,,3400.14,30.5,,,,,,,230.67,-3.3,534.53,35.8,691.82,36.5,,,,,,,,,,,22320.89,1.6,1664.79,28.7
57,251,2001-12,6245.48,25.3,,,4278.74,28.9,,,,,,,318.0,8.7,720.8,31.6,927.94,24.9,,,,,,,,,,,25376.02,22.5,3942.36,31.4
23,217,2002-02,416.58,30.2,,,287.08,32.5,,,,,,,19.07,-7.4,39.86,22.4,70.57,41.0,256.4,26.5,17.96,11.2,6.42,52.3,135.8,40.1,80.62,68.8,13606.49,19.4,109.94,4.6
24,218,2002-03,922.35,36.2,,,631.14,36.8,,,,,,,47.11,24.6,99.54,38.7,144.56,36.0,585.61,32.2,38.2,52.2,12.28,37.4,286.26,42.9,158.79,47.6,18273.59,18.0,273.34,16.9
96,290,2002-04,1467.47,38.8,,,1027.82,42.4,,,,,,,75.01,30.5,151.28,32.6,213.36,30.3,925.96,33.3,56.45,43.8,18.39,24.7,466.68,51.2,249.51,53.7,20762.91,22.8,394.46,11.8
99,293,2002-05,2097.87,36.7,,,1488.36,40.8,,,,,,,104.54,29.4,221.67,34.9,283.3,21.6,1337.04,32.1,86.15,44.8,27.91,38.0,646.77,46.0,354.37,54.4,22037.26,22.8,595.37,27.4
91,285,2002-06,2821.28,32.9,,,1999.71,37.2,,,,,,,137.5,21.3,303.47,35.4,380.6,16.4,1813.51,29.7,115.53,50.5,37.91,43.5,854.33,37.5,466.35,38.7,23526.2,23.9,828.11,27.0
121,315,2002-07,3466.78,30.7,,,2464.96,35.4,,,,,,,160.8,18.3,374.26,29.5,466.77,14.7,2227.68,27.9,142.12,45.7,47.19,33.7,1049.8,35.2,582.03,40.5,24645.58,23.4,1093.08,38.2
83,277,2002-08,4143.7,30.0,,,2948.05,34.2,,,,,,,186.46,18.2,453.7,29.9,555.48,14.6,2662.39,27.0,169.44,43.8,57.1,25.0,1254.77,35.3,715.42,44.9,25498.51,24.2,1389.78,39.2
18,212,2002-09,4862.69,29.4,,,3458.22,32.8,,,,,,,220.19,20.9,538.98,30.3,645.3,15.4,3136.9,26.2,202.2,43.4,68.17,26.0,1455.43,35.1,832.76,47.2,26927.71,26.9,1649.79,37.6
174,368,2002-10,5587.95,29.8,,,3971.75,32.5,,,,,,,254.1,22.8,628.19,32.9,733.91,16.8,3588.6,25.9,237.25,45.4,82.32,24.7,1679.79,37.1,954.36,47.0,27648.99,27.3,1962.7,40.8
173,367,2002-11,6228.07,28.2,,,4405.57,29.6,,,,,,,283.0,22.7,714.08,33.6,825.42,19.3,4016.22,24.1,263.45,42.3,91.55,18.9,1856.84,36.6,1087.14,48.2,28408.91,27.3,2394.41,43.8
175,369,2002-12,7736.42,21.9,,,5267.35,23.1,,,,,,,379.04,19.2,928.14,28.8,1161.9,25.2,4803.26,20.1,347.33,27.9,138.73,11.7,2447.1,32.3,249.51,53.7,32163.7,26.7,4900.93,24.3
176,370,2003-02,598.26,37.0,,,411.03,35.4,,,,,,,24.69,26.8,67.01,64.2,95.53,31.3,363.15,36.4,25.67,42.9,6.68,4.1,202.75,48.8,132.49,64.3,17116.51,25.8,234.65,113.4
165,359,2003-03,1285.1,34.9,,,882.36,35.7,,,,,,,55.99,14.8,141.54,38.2,205.2,37.8,788.21,31.1,49.67,25.1,14.37,7.0,432.85,48.3,263.79,65.3,22339.94,21.4,486.37,76.7
162,356,2003-04,1980.34,33.5,,,1359.02,30.8,,,,,,,90.42,19.9,225.04,47.8,305.86,41.4,1222.82,30.5,76.34,34.0,24.37,31.1,656.8,39.2,386.72,55.0,24755.38,19.1,649.99,64.8
161,355,2003-05,2801.37,32.9,,,1902.94,27.1,,,,,,,134.49,28.6,330.24,48.5,433.7,52.4,1743.65,29.6,113.46,31.5,34.57,23.4,909.7,40.3,548.04,54.5,26876.04,21.8,880.78,47.4
164,358,2003-06,3816.81,34.0,,,2586.79,28.0,,,,,,,177.21,27.9,458.57,50.0,594.25,55.1,2369.86,29.2,151.04,29.6,47.81,25.3,1248.1,45.2,750.93,60.4,28846.62,22.5,1196.46,44.4
163,357,2003-07,4697.89,34.1,,,3199.72,28.3,,,,,,,225.78,39.7,563.27,49.5,709.11,50.4,2936.58,30.3,184.68,29.2,57.76,22.0,1518.86,43.5,913.55,56.6,30316.03,22.9,1517.17,38.7
122,316,2003-08,5566.48,33.1,,,3814.27,28.2,,,,,,,267.47,42.9,666.24,45.7,818.5,45.7,3514.16,30.6,219.17,28.8,71.55,25.0,1761.59,39.4,1079.38,50.7,31170.01,22.2,1800.4,29.3
120,314,2003-09,6495.01,32.8,,,4453.1,28.0,,,,,,,307.93,39.8,781.11,44.6,952.87,46.6,4092.36,29.6,257.85,27.3,84.04,23.2,2060.76,41.2,1272.17,52.6,32179.03,19.4,2202.91,33.4
1,195,2003-10,7367.08,31.3,,,5036.0,26.1,,,,,,,347.47,36.7,894.7,42.3,1088.92,47.6,4675.4,29.5,297.63,25.3,96.86,17.6,2297.19,36.5,1424.62,49.0,33061.22,19.5,2556.09,30.1
2,196,2003-11,8284.81,32.5,,,5646.78,27.5,,,,,,,400.58,41.5,1018.49,42.5,1218.96,47.1,5287.95,30.9,331.62,25.8,105.84,15.6,2559.4,37.6,1597.56,46.7,34134.69,20.1,2991.58,24.9
0,194,2003-12,10106.12,29.7,,,6782.41,28.6,,,,,,,508.64,34.2,1277.48,37.6,1537.59,32.0,6286.08,30.6,438.13,26.1,144.04,3.8,3237.87,32.3,2045.59,40.2,38830.22,20.7,6030.46,23.0
73,267,2004-02,944.81,50.2,,,633.49,46.4,,,,,,,50.67,95.6,115.75,64.9,144.9,44.5,569.42,48.9,37.11,37.1,9.83,40.4,328.44,54.5,216.02,60.9,27586.66,61.1,399.75,69.6
74,268,2004-03,1820.4,41.1,,,1203.02,35.9,,,,,,,94.27,68.0,228.88,61.0,294.22,42.7,1109.4,40.2,73.84,47.8,25.69,78.0,611.47,40.8,383.09,45.2,30549.64,36.7,725.75,47.8
67,261,2004-04,2686.23,34.6,,,1814.63,32.2,,,,,,,138.88,53.6,334.8,48.6,397.91,29.7,1690.95,36.9,111.44,45.2,36.22,46.8,847.62,28.7,515.18,33.1,33831.54,36.6,963.78,48.3
68,262,2004-05,3703.21,32.0,,,2521.01,32.2,,,,,,,192.17,42.9,457.95,38.7,532.08,22.4,2362.54,35.3,153.3,34.8,48.03,39.0,1139.33,25.1,691.07,26.1,36451.56,35.6,1304.69,47.7
69,263,2004-06,4923.69,28.7,,,3362.35,29.7,,,,,,,245.04,38.3,614.21,33.6,702.1,18.0,3177.13,33.7,198.99,31.7,62.98,31.7,1484.59,18.9,903.95,20.4,38459.75,33.3,1692.89,39.4
70,264,2004-07,6055.26,28.6,,,4110.93,28.1,,,,,,,296.91,31.5,766.1,35.6,881.32,24.2,3888.56,32.0,250.61,35.7,78.7,36.2,1837.4,20.8,1121.7,22.8,40339.36,33.1,2071.1,36.1
77,271,2004-08,7184.59,28.8,,,4876.94,27.7,,,,,,,350.09,30.9,915.23,37.0,1042.34,26.1,4627.1,31.2,298.23,36.1,96.97,35.5,2162.29,22.6,1326.18,22.9,42140.81,35.2,2441.19,35.1
78,272,2004-09,8356.77,28.3,,,5683.92,27.4,,,,,,,406.4,32.0,1057.62,35.1,1208.84,26.1,5392.59,31.3,344.21,33.5,114.01,35.7,2505.96,21.5,1526.35,19.9,43500.07,35.1,2900.26,31.3
37,231,2004-10,9526.44,28.9,,,6460.96,27.9,,,,,,,464.9,33.8,1211.52,34.7,1389.05,27.1,6143.82,30.8,398.62,33.9,130.3,34.5,2853.7,24.1,1742.45,22.3,44752.11,35.3,3385.8,31.9
36,230,2004-11,10738.32,29.2,,,7283.66,28.7,,,,,,,519.52,29.7,1370.21,33.2,1564.93,28.1,6923.68,30.3,449.03,35.3,147.2,38.5,3218.41,25.7,1983.25,24.1,45847.78,34.3,3911.46,30.3
35,229,2004-12,13158.25,28.1,,,8836.95,28.7,,,,,,,652.2,28.3,1723.72,31.4,1945.38,22.8,8254.54,29.4,570.73,28.5,192.93,36.8,4140.04,25.3,2574.47,25.2,50570.39,32.5,6871.01,5.4
111,305,2005-02,1199.65,27.0,,,802.87,26.7,,,,,,,66.48,31.2,138.51,19.7,191.79,32.4,742.79,30.4,43.67,17.7,12.86,30.8,400.33,21.9,256.88,18.9,32254.45,16.9,453.31,13.4
110,304,2005-03,2323.57,26.7,,,1532.86,26.6,,,,,,,119.3,23.8,282.29,21.7,389.12,31.5,1439.61,28.8,92.45,23.3,26.62,3.1,764.88,24.2,499.24,30.1,45513.54,49.0,796.09,9.7
116,310,2005-04,3405.32,25.9,,,2256.79,24.0,,,,,,,173.87,25.0,417.86,24.6,556.8,35.8,2139.08,25.2,139.24,24.4,39.82,9.8,1087.2,28.1,694.2,34.3,49990.18,47.7,1113.83,15.6
115,309,2005-05,4644.15,24.3,,,3103.93,21.8,,,,,,,232.07,20.6,576.16,25.5,731.99,36.8,2939.1,24.0,193.04,25.6,55.58,15.6,1456.44,25.3,926.29,33.6,52316.68,43.5,1487.77,14.0
114,308,2005-06,6193.06,23.5,,,4147.12,21.3,,,,,,,297.68,19.1,777.58,23.8,970.68,35.1,3944.07,21.9,257.57,28.6,76.67,19.9,1914.74,26.5,1202.38,31.3,49853.31,28.6,1997.05,17.3
113,307,2005-07,7586.99,23.5,,,5089.03,22.2,,,,,,,363.98,19.2,974.67,26.2,1159.32,28.8,4863.92,23.6,317.27,26.0,94.66,18.9,2311.15,23.2,1453.51,28.5,52485.31,29.0,2628.9,25.9
118,312,2005-08,8920.12,22.3,,,6009.8,21.5,,,,,,,429.93,19.3,1137.34,23.4,1343.06,25.7,5754.12,22.5,377.97,25.8,112.92,14.6,2675.11,21.7,1675.37,25.2,54478.43,28.0,3140.33,27.6
117,311,2005-09,10377.57,22.2,,,7009.86,21.5,,,,,,,499.98,19.6,1318.17,23.9,1549.55,25.1,6719.02,22.5,439.02,26.7,135.15,16.8,3084.38,21.2,1905.52,23.6,56236.89,28.0,3665.81,25.2
136,330,2005-10,11769.35,21.6,,,7998.82,21.9,,,,,,,562.61,18.1,1496.06,22.7,1711.86,20.6,7673.14,23.8,499.15,24.5,149.63,-16.6,3447.44,19.0,2130.18,21.1,57835.1,28.1,4248.31,24.4
137,331,2005-11,13239.98,22.2,,,8993.15,22.3,,,,,,,632.29,21.4,1676.96,22.0,1937.59,22.6,8632.83,23.4,572.12,26.6,174.9,18.7,3860.13,19.2,2365.41,18.8,59847.35,30.4,5111.75,30.8
138,332,2005-12,15759.3,19.8,,,10768.19,21.9,,,,,,,739.62,13.4,1999.87,16.0,2251.62,15.7,10159.73,23.1,711.86,24.7,225.37,16.8,4662.35,12.6,2904.3,12.8,64742.72,28.0,8779.78,27.8
126,320,2006-02,1436.39,19.7,40.44,,983.73,22.5,,,,,148.52,,70.85,6.6,173.81,25.5,208.0,8.5,904.67,21.8,57.62,31.9,16.52,28.5,457.58,14.3,299.75,16.7,45456.6,40.9,758.6,67.3
127,321,2006-03,2792.68,20.2,74.83,,1887.54,23.1,,,,,231.22,,120.74,1.2,341.17,20.9,443.23,13.9,1731.06,20.2,118.22,27.9,32.91,23.6,910.49,19.0,590.29,18.2,55672.95,22.3,1186.66,49.1
130,324,2006-04,4130.91,21.3,112.8,,2835.33,25.6,,,,,324.6,,183.35,5.5,506.67,21.3,605.57,8.8,2619.81,22.5,177.24,27.3,49.17,23.5,1284.69,18.2,795.88,14.6,60128.27,20.3,1653.34,48.4
131,325,2006-05,5657.68,21.8,146.89,,3892.28,25.4,,,,,419.35,,263.42,13.5,695.92,20.8,806.06,10.1,3631.53,23.6,241.09,24.9,66.49,19.6,1718.56,18.0,1075.92,16.2,63973.71,22.3,2052.98,38.0
128,322,2006-06,7694.59,24.2,204.29,,5317.92,28.2,,,,,565.19,,346.18,16.3,938.24,20.7,1092.25,12.5,4918.33,24.7,326.49,26.8,90.71,18.3,2359.06,23.2,1489.79,23.9,67462.74,35.3,2653.46,32.9
129,323,2006-07,9411.47,24.0,255.88,,6575.41,29.2,,,,,690.54,,413.39,13.6,1126.66,15.6,1296.02,11.8,6071.13,24.8,392.68,23.8,109.76,16.0,2837.9,22.8,1765.52,21.5,68472.39,30.5,3273.44,24.5
149,343,2006-08,11063.07,24.0,310.9,,7761.93,29.2,,,,,807.02,,499.58,16.2,1317.48,15.8,1484.08,10.5,7180.66,24.8,459.1,21.5,134.54,19.1,3288.77,22.9,2081.78,24.3,70424.52,29.3,3773.26,20.2
151,345,2006-09,12902.4,24.3,369.43,,9076.35,29.5,,,,,932.14,,578.86,15.8,1541.3,16.9,1705.88,10.1,8406.13,25.1,537.74,22.5,154.77,14.5,3803.76,23.3,2406.8,26.3,73586.39,30.8,4329.29,18.1
101,295,2006-10,14610.55,24.1,437.82,,10268.48,28.4,,,,,1050.09,,678.33,20.6,1736.26,16.1,1927.48,12.6,9542.45,24.4,616.43,23.5,183.13,22.4,4268.53,23.8,2705.42,27.0,75391.72,30.4,5114.84,20.4
100,294,2006-11,16415.73,24.0,505.7,,11549.53,28.4,,,,,1202.79,,759.89,20.2,1951.82,16.4,2154.49,11.2,10700.49,24.0,709.78,24.1,207.22,18.5,4798.24,24.3,3055.69,29.2,76551.27,27.9,6038.02,18.1
150,344,2006-12,19382.46,21.8,679.41,,13611.62,25.3,,,,,1423.36,,923.16,21.0,2345.38,15.0,2502.29,11.4,12479.83,21.9,864.06,19.3,267.43,12.6,5771.14,22.5,3782.78,30.2,80715.13,24.0,10236.28,5.2
105,299,2007-02,1785.66,24.3,57.77,42.9,1277.43,29.9,203.6,,,,153.06,3.1,84.66,19.5,195.85,12.7,227.72,9.5,1192.09,31.8,68.74,19.3,22.26,34.7,502.57,9.8,302.16,0.8,63963.46,40.7,944.16,24.5
104,298,2007-03,3543.78,26.9,121.09,61.8,2461.97,30.4,396.11,,,,269.6,16.6,148.5,23.0,401.53,17.7,531.78,20.0,2252.58,30.1,146.32,23.8,42.65,29.6,1102.23,21.1,696.88,18.1,72003.87,29.3,1483.14,25.0
12,206,2007-04,5264.61,27.4,176.31,56.3,3657.93,29.0,627.69,,,,385.35,18.7,253.62,38.3,584.18,15.3,768.88,27.0,3326.03,27.0,213.59,20.5,66.35,34.9,1658.65,29.1,1049.12,31.8,73882.63,22.9,2032.95,23.0
106,300,2007-05,7214.36,27.5,246.19,67.6,5042.26,29.5,920.8,,,,513.68,22.5,342.32,30.0,791.65,13.8,1038.13,28.8,4598.12,26.6,289.56,20.1,89.76,35.0,2236.93,30.2,1393.07,29.5,78045.18,22.0,2524.11,22.9
109,303,2007-06,9887.23,28.5,329.98,61.5,6954.87,30.8,1355.32,,,,695.62,23.1,439.73,27.0,1098.81,17.1,1393.82,27.6,6329.08,28.7,388.65,19.0,116.85,28.8,3052.65,29.4,1916.23,28.6,83763.73,24.2,3350.64,26.3
108,302,2007-07,12134.72,28.9,404.2,58.0,8593.71,30.7,1746.63,,,,857.91,24.2,530.21,28.3,1344.83,19.4,1665.97,28.5,7800.51,28.5,476.23,21.3,147.74,34.6,3710.24,30.7,2380.31,34.8,86349.15,26.1,3966.55,21.2
166,360,2007-08,14276.75,29.0,473.83,52.4,10160.69,30.9,2113.96,,,,1061.09,31.5,623.88,24.9,1585.18,20.3,1907.0,28.5,9255.91,28.9,570.49,24.3,172.31,28.1,4278.03,30.1,2717.68,30.5,88699.56,25.9,4553.82,20.7
97,291,2007-09,16814.05,30.3,563.6,52.6,12049.99,32.8,2556.27,,,,1263.86,35.6,727.62,25.7,1847.27,19.9,2189.17,28.3,10968.11,30.5,670.67,24.7,206.84,33.6,4968.42,30.6,3115.51,29.4,91901.55,24.9,5273.99,21.8
124,318,2007-10,19192.21,31.4,649.87,48.4,13725.78,33.7,2945.89,,,,1436.72,36.8,827.77,22.0,2072.16,19.3,2566.5,33.2,12453.33,30.5,772.83,25.4,235.81,28.8,5730.24,34.2,3570.0,32.0,99363.58,31.8,6045.09,18.2
125,319,2007-11,21631.88,31.8,728.56,44.1,15439.89,33.7,3359.97,,,,1606.06,33.5,922.81,21.4,2322.03,19.0,2947.15,36.8,13994.52,30.8,873.01,23.0,268.89,29.8,6495.46,35.4,4056.2,32.7,98327.62,28.4,7172.53,18.8
123,317,2007-12,25279.65,30.2,966.5,42.5,18010.25,32.1,4198.31,,,,1881.34,30.2,1036.95,11.7,2775.56,17.9,3456.89,38.1,16125.65,29.1,1065.11,23.6,341.22,26.4,7747.66,33.6,4866.04,27.6,104351.53,28.9,12114.38,12.9
142,336,2008-02,2373.72,32.9,84.26,45.9,1669.45,30.7,379.48,86.4,277.72,,181.96,18.9,95.7,13.0,250.64,28.0,357.94,57.2,1513.25,26.9,101.25,47.3,28.65,28.7,730.56,45.4,450.86,49.2,76763.83,20.0,1191.85,26.2
143,337,2008-03,4687.75,32.3,161.6,33.5,3316.48,34.7,758.46,91.5,528.96,,333.18,23.6,165.16,11.2,485.51,20.9,720.59,35.5,2930.73,30.1,200.9,37.3,58.85,38.0,1497.27,35.8,949.55,36.3,90927.44,26.3,1992.66,34.4
144,338,2008-04,6952.08,32.1,230.83,30.9,4944.38,35.2,1182.3,88.4,804.26,,480.01,24.6,239.69,-5.5,705.58,20.8,1062.44,38.2,4365.93,31.3,286.85,34.3,84.95,28.0,2214.36,33.5,1425.15,35.8,98885.54,33.8,2594.88,27.6
145,339,2008-05,9519.28,31.9,311.39,26.5,6806.26,35.0,1712.59,86.0,1127.44,,640.07,24.6,331.5,-3.2,963.04,21.7,1418.47,36.6,6064.12,31.9,392.68,35.6,116.61,29.9,2945.88,31.7,1895.25,36.0,104694.34,34.1,3204.81,27.0
146,340,2008-06,13195.67,33.5,414.74,25.7,9497.09,36.6,2508.82,85.1,1531.91,,834.71,20.0,440.11,0.1,1325.95,20.7,1932.52,38.6,8446.64,33.5,539.21,38.7,164.38,40.7,4045.45,32.5,2668.05,39.2,112066.28,33.8,4165.43,24.3
147,341,2008-07,15883.54,30.9,492.92,22.0,11486.17,33.7,3107.6,77.9,1895.7,,1008.26,17.5,534.08,0.7,1602.83,19.2,2260.45,35.7,10271.35,31.7,648.19,36.1,197.7,33.8,4766.3,28.5,3120.77,31.1,115159.34,33.4,5078.24,28.0
140,334,2008-08,18429.97,29.1,569.56,20.2,13384.8,31.7,3690.27,74.6,2221.85,,1170.05,10.3,624.34,0.1,1860.57,17.4,2560.26,34.3,12055.17,30.2,771.99,35.3,236.19,37.1,5366.63,25.4,3496.08,28.6,118159.86,33.2,5773.11,26.8
141,335,2008-09,21277.69,26.5,650.67,15.4,15508.31,28.7,4323.2,69.1,2512.48,,1343.11,6.3,717.13,-1.4,2156.74,16.8,2895.51,32.3,13982.75,27.5,891.75,33.0,276.38,33.6,6126.81,23.3,3961.4,27.2,121342.74,32.0,6617.53,25.5
134,328,2008-10,23917.71,24.6,733.06,12.8,17482.35,27.4,4928.05,67.3,2899.1,,1532.3,6.7,815.18,-1.5,2418.25,16.7,3201.93,24.8,15736.16,26.4,1018.06,31.7,315.79,33.9,6847.7,19.5,4413.23,23.6,124252.05,25.0,7637.55,26.3
133,327,2008-11,26545.73,22.7,820.45,12.6,19332.66,25.2,5466.11,62.7,3331.89,,1720.04,7.1,923.15,0.0,2695.44,16.1,3594.49,22.0,17445.64,24.7,1152.86,32.1,351.37,30.7,7595.85,16.9,4910.81,21.1,127704.36,29.9,8747.58,22.0
132,326,2008-12,30579.82,20.9,1061.09,8.7,22081.26,22.6,6415.57,50.7,3723.32,,1976.86,9.4,1111.58,7.4,3200.21,14.9,4186.77,20.9,19947.78,23.7,1392.4,29.6,423.0,24.2,8816.63,13.9,5794.79,10.9,135296.51,29.3,14064.52,11.5
158,352,2009-02,2398.15,1.0,85.97,2.0,1682.35,0.8,482.67,27.2,364.82,,169.91,-6.6,112.83,17.9,284.26,13.4,318.7,-11.0,1673.48,10.6,133.76,32.1,29.7,3.7,561.2,-23.2,333.01,-31.2,94375.53,22.9,1722.5,44.5
157,351,2009-03,4880.29,4.1,156.1,-3.4,3421.74,3.2,1021.94,34.7,699.78,32.3,313.99,-5.8,211.22,27.9,577.88,19.0,669.46,-7.1,3287.25,12.2,258.67,28.8,62.46,6.1,1271.91,-15.1,768.75,-23.5,110591.07,21.6,2728.64,36.9
156,350,2009-04,7289.98,4.9,221.73,-3.9,5114.09,3.4,1583.47,33.9,1040.53,29.4,442.89,-7.7,289.88,20.9,869.23,23.2,1016.79,-4.3,4903.36,12.3,386.85,34.9,84.47,-0.6,1915.3,-13.5,1151.34,-23.4,118469.04,19.8,3505.91,35.1
155,349,2009-05,10067.22,5.8,297.0,-4.6,7104.59,4.4,2236.58,30.6,1417.19,25.7,581.76,-9.1,386.68,16.6,1193.86,24.0,1382.09,-2.6,6816.05,12.4,531.45,35.3,113.56,-2.6,2606.16,-11.5,1545.11,-22.5,124659.51,19.1,4379.25,36.6
154,348,2009-06,14295.41,8.3,414.28,-0.1,10187.86,7.3,3280.0,30.7,1970.49,28.6,790.74,-5.3,529.72,20.4,1689.12,27.4,1888.71,-2.3,9668.78,14.5,750.71,39.2,165.48,0.7,3710.45,-8.3,2293.61,-17.6,133390.58,19.0,5590.47,34.2
153,347,2009-07,17392.3,9.5,493.48,0.1,12426.22,8.2,4026.84,29.6,2436.65,28.5,960.43,-4.7,662.09,24.0,2054.18,28.2,2249.81,-0.5,11819.1,15.1,930.42,43.5,206.25,4.3,4436.53,-6.9,2684.94,-17.4,137834.81,19.7,6906.71,36.0
76,270,2009-08,20740.94,12.5,581.14,2.0,14844.68,10.9,4812.89,30.4,2913.3,31.1,1138.36,-2.7,805.06,28.9,2451.38,31.8,2639.81,3.1,14047.61,16.5,1128.61,46.2,244.82,3.7,5319.9,-0.9,3264.07,-10.3,141975.26,20.2,7883.41,36.6
159,353,2009-09,24560.0,15.4,686.93,5.6,17578.45,13.3,5700.88,31.9,3464.39,37.9,1336.41,-0.5,955.87,33.3,2900.19,34.5,3125.49,7.9,16621.19,18.9,1325.39,48.6,293.43,6.2,6319.98,3.2,3871.5,-5.9,147047.05,21.2,8948.96,35.2
191,385,2009-10,27886.58,16.6,779.19,6.3,19948.53,14.1,6479.13,31.5,3962.21,36.7,1512.16,-1.3,1084.63,33.1,3268.63,35.2,3584.78,12.0,18803.26,19.5,1512.74,48.6,334.83,6.0,7235.75,5.7,4467.92,-2.4,151560.15,22.0,10043.22,31.5
192,386,2009-11,31270.92,17.8,863.49,5.2,22368.99,15.7,7265.74,32.9,4450.2,33.6,1725.93,0.3,1204.98,30.5,3646.66,35.3,4050.29,12.7,21031.96,20.6,1709.56,48.3,377.38,7.4,8152.03,7.3,5020.22,-1.7,157720.29,23.5,11638.69,33.1
193,387,2009-12,36231.71,16.1,1030.97,-13.9,25618.74,14.2,8351.01,24.1,5162.42,20.0,2072.18,2.0,1378.04,18.1,4171.58,24.4,5063.35,19.4,23821.02,18.3,2005.1,34.0,450.48,-0.8,9955.11,9.3,6039.26,0.7,167447.88,19.6,18031.3,16.5
14,208,2010-02,3143.64,31.1,85.01,-1.1,2233.42,32.8,676.36,40.1,486.81,33.3,239.96,41.2,149.16,32.2,370.56,30.4,390.51,22.5,2153.07,28.7,198.75,48.6,37.69,26.9,754.13,34.4,453.93,36.3,144565.08,37.6,2177.2,26.4
13,207,2010-03,6594.45,35.1,161.16,3.2,4551.83,33.0,1437.73,40.7,927.49,32.5,447.1,42.4,303.37,43.6,754.71,30.6,984.54,47.1,4259.88,29.6,376.54,45.6,83.14,33.1,1874.88,47.4,1203.05,56.5,156926.95,41.9,3533.56,29.5
51,245,2010-04,9932.05,36.2,221.79,,6854.48,34.0,2091.82,32.1,1385.72,33.2,623.77,40.8,446.88,54.2,1148.12,32.1,1482.57,45.8,6360.71,29.7,547.65,41.6,120.85,43.1,2902.85,51.6,1911.76,66.0,165280.26,39.5,4576.87,30.5
75,269,2010-05,13917.41,38.2,304.2,2.4,9643.18,35.7,2975.62,33.0,1903.07,34.3,850.09,46.1,591.48,53.0,1612.02,35.0,2070.73,49.8,8777.55,28.8,736.08,38.5,162.15,42.8,4241.64,62.8,2931.45,89.7,173021.56,38.8,5742.69,31.1
86,280,2010-06,19747.12,38.1,401.97,-3.0,13692.29,34.4,4237.67,29.2,2630.84,33.5,1115.25,41.0,845.91,59.7,2271.21,34.5,2937.71,55.5,12365.72,27.9,1009.92,34.5,223.45,35.0,6148.03,65.7,4220.72,84.0,183999.85,37.9,7309.75,30.8
17,211,2010-07,23864.77,37.2,490.69,-0.6,16708.8,34.5,5149.82,27.9,3202.41,31.4,1396.24,45.4,982.62,48.4,2778.81,35.3,3394.55,50.9,15025.86,27.1,1224.82,31.6,271.42,31.6,7342.67,65.5,5054.31,88.2,189882.02,37.8,8453.71,22.4
119,313,2010-08,28355.05,36.7,582.47,0.2,19876.18,33.9,6118.66,27.1,3825.43,31.3,1666.64,46.4,1133.5,40.8,3291.41,34.3,4054.04,53.6,17886.73,27.3,1449.8,28.5,314.45,28.4,8704.07,63.6,6017.01,84.3,196230.45,38.2,9463.69,20.0
102,296,2010-09,33511.25,36.4,670.94,-2.3,23512.05,33.8,7256.84,27.3,4521.9,30.5,1949.25,45.9,1300.32,36.0,3865.34,33.3,4833.54,54.6,21106.5,27.0,1701.1,28.3,364.21,24.1,10339.44,63.6,7110.72,83.7,204033.16,38.8,10701.0,19.6
135,329,2010-10,38069.52,36.5,784.22,0.6,26682.92,33.8,8229.37,27.0,5198.29,31.2,2185.59,44.5,1446.93,33.4,4375.26,33.9,5564.41,55.2,24000.86,27.6,1927.06,27.4,410.8,22.7,11730.8,62.1,8006.4,79.2,210977.44,39.2,12246.61,21.9
40,234,2010-11,42697.33,36.5,913.38,5.8,30021.63,34.2,9268.3,27.6,5816.15,30.7,2505.47,45.2,1616.4,34.1,4898.02,34.3,6161.29,52.1,26984.44,28.3,2174.62,27.2,469.56,24.4,13068.7,60.3,8930.69,77.9,216650.39,37.4,14119.23,21.3
139,333,2010-12,48267.07,33.2,1112.56,7.3,34038.14,32.9,10665.29,27.4,6697.52,29.6,2827.39,36.4,1806.55,31.2,5598.84,33.9,6823.54,34.6,30566.47,28.3,2518.82,25.3,554.05,22.0,14627.74,47.0,9992.11,65.9,224030.38,33.9,21654.89,16.2
84,278,2011-02,4250.37,35.2,78.88,-7.2,3013.7,34.9,900.63,33.2,701.59,44.1,318.36,32.7,193.31,29.6,506.63,36.7,536.74,37.4,2964.76,37.7,279.62,40.7,41.71,10.7,964.28,27.9,529.59,16.7,206283.02,42.7,2542.41,16.8
85,279,2011-03,8846.36,34.1,154.29,-4.3,6253.13,37.4,1802.42,25.4,1386.0,49.4,608.84,36.2,361.42,19.1,1058.21,40.2,1173.61,19.2,5845.39,37.2,523.57,39.0,89.13,7.2,2388.27,27.4,1555.45,29.3,218960.46,39.5,4335.83,22.7
89,283,2011-04,13340.16,34.3,235.07,6.0,9497.31,38.6,2764.63,32.2,2039.76,47.2,828.89,32.9,540.62,21.0,1546.64,34.7,1755.59,18.4,8723.73,37.2,759.83,38.7,142.24,17.7,3714.35,28.0,2493.8,30.4,227489.4,37.6,5764.95,26.0
90,284,2011-05,18737.23,34.6,317.15,4.3,13290.41,37.8,3920.06,31.7,2790.3,46.6,1125.54,32.4,748.14,26.5,2193.13,36.0,2505.55,21.0,12245.67,39.5,1031.49,40.1,205.57,26.8,5254.5,23.9,3571.35,21.8,237915.09,37.5,7201.37,25.4
87,281,2011-06,26250.45,32.9,475.51,18.3,18640.67,36.1,5555.44,31.1,3800.27,44.5,1495.41,34.1,1067.92,26.2,3147.49,38.6,3394.37,15.5,17187.14,39.0,1383.45,37.0,335.21,50.0,7344.64,19.5,5015.72,18.8,249841.45,35.8,9027.16,23.5
88,282,2011-07,31873.03,33.6,548.62,11.8,22789.38,36.4,6840.49,32.8,4631.47,44.6,1794.73,28.5,1285.98,30.9,3806.89,37.0,3990.78,17.6,20997.71,39.7,1682.4,37.4,389.24,43.4,8803.68,19.9,6044.59,19.6,257255.96,35.5,10707.54,26.7
81,275,2011-08,37780.84,33.2,636.1,9.2,27117.98,36.4,8206.26,34.1,5521.44,44.3,2112.04,26.7,1507.63,33.0,4508.61,37.0,4646.63,14.6,24912.73,39.3,1995.6,37.6,450.36,43.2,10422.14,19.7,7232.53,20.2,264631.99,34.9,12414.82,31.2
82,276,2011-09,44224.84,32.0,740.54,10.4,31787.77,35.2,9682.45,33.4,6438.12,42.4,2454.61,25.9,1741.95,34.0,5259.37,36.1,5435.75,12.5,29183.69,38.3,2272.34,33.6,563.11,54.6,12205.7,18.0,8442.37,18.7,272952.5,33.8,14078.4,31.6
52,246,2011-10,49922.82,31.1,858.73,9.5,35832.12,34.3,10992.41,33.6,7194.89,38.4,2766.46,26.6,2029.29,40.2,5927.26,35.5,6134.15,10.2,33105.84,37.9,2578.49,33.8,636.0,54.8,13602.49,16.0,9423.32,17.7,277948.57,31.7,15899.17,29.8
66,260,2011-11,55483.03,29.9,915.24,0.2,39856.64,32.8,12184.27,31.5,8094.29,39.2,3111.45,24.2,2278.38,41.0,6613.57,35.0,6734.45,9.3,36885.35,36.7,2905.25,33.6,708.61,50.9,14983.83,14.7,10477.72,17.3,285338.18,31.7,18635.79,32.0
54,248,2011-12,61739.78,27.9,1090.06,-4.3,44308.43,30.2,13637.34,28.0,9062.04,35.0,3408.17,20.4,2543.53,40.7,7370.21,30.5,7517.61,10.9,41153.12,34.7,3341.24,32.7,818.89,46.7,16426.54,12.2,11412.82,14.1,290339.2,29.7,28081.66,25.5
60,254,2012-02,5431.46,27.8,99.53,26.2,3713.43,23.2,1140.71,26.7,889.11,26.7,358.53,12.6,253.26,31.0,722.06,42.5,742.71,38.4,3613.29,21.9,393.85,40.8,75.62,81.3,1348.7,39.9,844.02,20.4,275336.4,33.5,4226.84,66.3
59,253,2012-03,10927.17,23.5,171.41,11.1,7443.07,19.0,2372.73,31.6,1648.76,19.0,606.17,-0.4,518.26,43.4,1420.09,34.2,1545.74,31.7,7027.6,20.2,790.13,50.9,173.66,94.8,2935.78,22.9,1844.45,18.6,283344.66,29.4,6654.41,53.5
65,259,2012-04,15835.19,18.7,230.74,-1.8,10818.27,13.9,3501.59,26.7,2312.92,13.4,839.29,1.3,741.24,37.1,2075.29,34.2,2200.39,25.3,10295.4,18.0,1121.44,47.6,237.26,66.8,4181.09,12.6,2586.7,3.7,290952.79,27.9,8058.08,39.8
64,258,2012-05,22212.93,18.5,301.05,-5.1,15097.65,13.6,4945.03,26.1,3127.14,12.1,1146.48,1.9,1082.37,44.7,2886.67,31.6,3146.23,25.6,14300.49,16.8,1557.68,51.0,329.07,60.1,6025.68,14.7,3809.09,6.7,302649.88,27.2,9589.4,33.2
63,257,2012-06,30609.83,16.6,404.86,-14.9,20878.57,12.0,6903.62,24.3,4209.01,10.8,1563.51,4.6,1408.75,31.9,3974.6,26.3,4347.9,28.1,19608.04,14.1,2098.24,51.7,448.23,33.7,8455.32,15.1,5474.13,9.1,310930.74,24.5,11592.28,28.4
62,256,2012-07,36774.48,15.4,497.17,-9.4,25226.45,10.7,8382.52,22.5,5117.64,10.5,1868.17,4.1,1720.7,33.8,4706.95,23.6,5120.37,28.3,23702.16,12.9,2506.6,49.0,518.65,33.2,10047.06,14.1,6565.1,8.6,315341.79,22.6,13571.07,26.7
56,250,2012-08,43687.88,15.6,618.37,-2.8,29989.61,10.6,9976.89,21.6,6010.3,8.9,2173.15,2.9,2035.84,35.0,5667.14,25.7,5995.29,29.0,28269.4,13.5,2961.4,48.4,628.27,39.5,11828.81,13.5,7776.4,7.5,327135.36,23.6,15625.99,25.9
55,249,2012-09,51045.93,15.4,711.57,-3.9,35126.17,10.5,11805.29,21.9,6951.34,8.0,2483.21,1.2,2371.47,36.1,6589.15,25.3,6959.14,28.0,33165.43,13.6,3454.93,52.0,710.09,26.1,13715.47,12.4,9000.34,6.6,334215.1,22.4,17644.22,25.3
93,287,2012-10,57628.75,15.4,820.45,-4.5,39704.12,10.8,13396.18,21.9,7865.04,9.3,2779.83,0.5,2665.97,31.4,7458.02,25.8,7800.65,27.2,37590.23,13.5,3942.05,52.9,799.76,25.7,15296.71,12.5,9994.36,6.1,341183.3,22.8,20222.64,27.2
94,288,2012-11,64772.4,16.7,939.46,2.6,44606.47,11.9,15114.15,24.0,8782.04,8.5,3104.93,-0.2,3024.24,32.7,8416.6,27.3,8725.09,29.6,42287.84,14.6,4462.95,53.6,908.98,28.3,17112.63,14.2,11203.3,6.9,351185.7,23.1,23304.16,25.1
95,289,2012-12,71803.79,16.2,1119.44,-3.3,49374.21,11.4,16789.49,21.9,9806.36,4.6,3448.37,0.7,3366.61,31.6,9312.0,25.4,9750.96,30.1,47067.21,14.7,4969.05,47.4,1019.39,24.9,18748.13,13.1,12100.15,5.0,358823.27,23.7,33541.42,15.5
25,219,2013-02,6669.7,22.8,107.92,8.4,4583.09,23.4,1422.5,24.7,1026.02,15.4,417.38,16.4,388.32,53.3,883.82,22.4,814.47,9.7,4801.63,32.9,526.87,33.8,97.16,28.5,1244.05,-7.8,628.26,-25.6,342436.96,24.4,5778.37,36.7
26,220,2013-03,13132.57,20.2,195.61,14.1,9012.62,21.1,2833.04,19.4,1884.71,14.3,684.61,12.9,746.85,44.1,1720.87,21.2,1652.23,6.9,9050.63,28.8,1026.36,29.9,194.34,11.9,2861.24,-2.5,1596.47,-13.4,339384.62,19.8,7744.77,16.4
19,213,2013-04,19180.14,21.1,273.04,18.3,13120.65,21.3,4169.57,19.1,2638.59,14.1,953.69,13.6,1101.59,48.6,2546.91,22.7,2410.99,9.6,13070.29,27.0,1474.87,31.5,285.34,20.3,4349.64,4.0,2550.38,-1.4,347495.29,19.4,9231.2,14.6
92,286,2013-05,26797.97,20.6,365.0,21.2,18363.32,21.6,5877.18,18.9,3593.87,14.9,1244.11,8.5,1526.1,41.0,3582.13,24.1,3326.43,5.7,18128.05,26.8,2002.54,28.6,399.94,21.5,6267.44,4.0,3844.51,0.9,358009.09,18.3,11145.32,16.2
21,215,2013-06,36827.94,20.3,478.55,18.2,25227.14,20.8,8301.71,20.3,4789.11,13.8,1602.93,2.5,2011.31,42.8,5010.36,26.1,4579.13,5.3,24759.87,26.3,2680.17,27.7,541.98,20.9,8845.91,4.6,5520.73,0.9,371990.94,19.6,13585.68,17.2
22,216,2013-07,44301.58,20.5,570.11,14.7,30318.1,20.2,10027.02,19.6,5636.95,10.1,1908.16,2.1,2411.81,40.2,6093.77,29.5,5477.89,7.0,29835.71,25.9,3193.13,27.4,659.77,27.2,10612.97,5.6,6697.16,2.0,379987.32,20.5,15856.13,16.8
15,209,2013-08,52119.77,19.3,669.36,8.2,35738.46,19.2,11804.82,18.3,6530.68,8.7,2234.37,2.8,2850.83,40.0,7168.48,26.5,6362.0,6.1,35130.66,24.3,3746.74,26.5,764.01,21.6,12478.36,5.5,7986.07,2.7,387580.49,18.5,17734.98,13.5
16,210,2013-09,61119.55,19.7,779.94,9.6,41979.18,19.5,13857.22,17.4,7639.86,9.9,2609.8,5.1,3262.46,37.6,8424.7,27.9,7453.21,7.1,41159.31,24.1,4370.88,26.5,893.28,25.8,14696.08,7.1,9477.96,5.3,396815.15,18.7,20045.34,13.6
180,374,2013-10,68693.18,19.2,874.73,6.6,47222.48,18.9,15611.44,16.5,8534.94,8.5,2933.11,5.5,3649.41,36.9,9467.79,26.9,8353.51,7.1,46472.8,23.6,4947.43,25.5,1003.64,25.5,16269.31,6.4,10516.36,5.2,401801.07,17.8,22292.29,10.2
179,373,2013-11,77412.16,19.5,994.89,5.9,53112.49,19.1,17522.1,15.9,9455.7,7.7,3289.09,5.9,4112.66,36.0,10739.05,27.6,9447.96,8.3,52227.95,23.5,5558.71,24.6,1126.44,23.9,18499.07,8.1,11963.57,6.8,421196.34,19.9,34342.15,47.4
178,372,2013-12,86013.38,19.8,1115.97,-0.3,58950.76,19.4,19446.28,15.8,10456.22,6.6,3637.9,5.5,4652.45,38.2,11944.83,28.3,10465.34,7.3,57764.23,22.7,6155.02,23.9,1250.03,22.6,20844.1,11.2,13501.73,11.6,430922.15,20.1,45977.17,37.1
61,255,2014-02,7955.98,19.3,,-100.0,5426.29,18.4,1671.85,17.5,1021.58,-0.4,407.97,-2.3,493.53,27.1,1117.36,26.4,918.81,12.8,5741.8,19.6,620.36,17.7,122.17,25.7,1471.65,18.3,853.1,35.8,392647.82,14.7,4876.95,-15.6
11,205,2014-03,15339.24,16.8,,,10530.49,16.8,3286.75,16.0,1826.35,-3.1,737.79,7.8,902.31,20.8,2160.05,25.5,1746.38,5.7,10742.73,18.7,1217.18,18.6,224.44,15.5,3154.89,10.3,2051.95,28.5,397152.55,17.0,7734.15,-0.1
6,200,2014-04,22321.56,16.4,,,15298.76,16.6,4776.43,14.6,2589.72,-1.9,1006.26,5.5,1309.41,18.9,3194.07,25.4,2519.32,4.5,15435.9,18.1,1778.34,20.6,319.42,11.9,4787.89,10.1,3238.48,27.0,406157.21,16.9,9570.36,3.7
5,199,2014-05,30738.58,14.7,,,21043.03,14.6,6581.43,12.0,3408.82,-5.1,1307.18,5.1,1772.59,16.2,4427.34,23.6,3495.62,5.1,21125.52,16.5,2412.97,20.5,423.59,5.9,6776.5,8.1,4797.09,24.8,416572.4,16.4,12463.74,11.8
8,202,2014-06,42018.62,14.1,,,28689.21,13.7,9108.11,9.7,4492.76,-6.2,1740.52,8.6,2394.35,19.0,6171.85,23.2,4763.21,4.0,28539.44,15.3,3311.46,23.6,581.92,7.4,9585.8,8.4,6955.72,26.0,429979.11,15.6,15700.42,15.6
7,201,2014-07,50381.25,13.7,,-100.0,34365.47,13.3,10913.95,8.8,5356.85,-5.0,2090.42,9.6,2876.21,19.3,7453.25,22.3,5686.32,3.8,34047.43,14.1,3954.18,23.8,688.02,4.3,11691.63,10.2,8633.95,28.9,442123.79,16.4,17756.85,12.0
4,198,2014-08,58974.51,13.2,,-100.0,40159.32,12.4,12778.4,8.2,6224.14,-4.7,2452.68,9.8,3383.74,18.7,8812.65,22.9,6618.8,4.0,39628.48,12.8,4612.46,23.1,803.79,5.2,13929.78,11.6,10455.78,30.9,454225.23,17.2,20317.61,14.6
3,197,2014-09,68751.21,12.5,,-100.0,46724.74,11.3,14829.41,7.0,7131.82,-6.6,2801.97,7.4,4007.77,22.8,10341.54,22.8,7677.17,3.0,46005.86,11.8,5370.72,22.9,944.12,5.7,16430.51,11.8,12371.03,30.5,464686.69,17.1,22860.54,14.0
49,243,2014-10,77220.27,12.4,,-100.0,52464.21,11.1,16719.36,7.1,7933.68,-7.0,3098.76,5.6,4516.57,23.8,11686.88,23.4,8552.61,2.4,51670.44,11.2,6048.9,22.3,1058.57,5.5,18442.37,13.4,13879.07,32.0,475783.61,18.4,25364.25,13.8
50,244,2014-11,86601.36,11.9,,-100.0,58675.54,10.5,18585.8,6.1,8791.57,-7.0,3509.89,6.7,5124.2,24.6,13099.52,22.0,9702.11,2.7,57489.1,10.1,6772.39,21.8,1179.28,4.7,21160.59,14.4,16076.38,34.4,486760.05,15.6,29408.19,14.1
48,242,2014-12,95035.61,10.5,,-100.0,64352.15,9.2,20334.91,4.6,9643.12,-7.8,3844.72,5.7,5641.19,21.3,14346.25,20.1,10696.02,2.2,63115.16,9.3,7445.95,21.0,1306.91,4.6,23167.59,11.1,17458.53,29.3,493066.5,14.4,41251.03,10.3
46,240,2015-02,8786.36,10.4,,,5921.94,9.1,2100.1,25.6,1164.85,14.0,404.55,-0.8,566.9,14.9,1321.2,18.2,976.32,6.3,6244.51,8.8,721.17,16.2,110.75,-9.3,1709.93,16.2,1136.9,33.3,448430.19,14.2,5253.05,7.7
47,241,2015-03,16650.64,8.5,,,11156.22,5.9,4229.65,28.7,2086.18,14.2,695.55,-5.7,1087.93,20.6,2531.58,17.2,1874.91,7.4,11323.77,5.4,1361.54,11.9,209.63,-6.6,3755.7,19.0,2640.66,28.7,454033.43,14.3,7886.77,2.0
44,238,2015-04,23669.04,6.0,,,15870.14,3.7,6173.15,29.2,2913.61,12.5,937.43,-6.8,1487.63,13.6,3638.42,13.9,2672.86,6.1,15925.17,3.2,1924.58,8.2,310.78,-2.7,5508.51,15.1,3964.53,22.4,461728.92,13.7,9487.85,-0.9
45,239,2015-05,32291.84,5.1,,,21644.55,2.9,8457.37,28.5,3927.5,15.2,1268.62,-3.0,1999.37,12.8,4954.98,11.9,3692.93,5.6,21585.88,2.2,2596.82,7.6,413.75,-2.3,7695.39,13.6,5681.62,18.4,472361.55,13.4,11640.79,-6.6
42,236,2015-06,43954.95,4.6,,,29505.67,2.8,11532.73,26.6,5261.0,17.1,1667.49,-4.2,2738.62,14.4,6705.31,8.6,5005.35,5.1,29153.23,2.2,3538.28,6.8,554.69,-4.7,10708.75,11.7,8008.07,15.1,485284.76,12.9,14325.13,-8.8
43,237,2015-07,52562.22,4.3,,,35380.18,3.0,13782.08,26.3,6232.68,16.3,1949.67,-6.7,3264.09,13.5,8020.67,7.6,5897.28,3.7,34669.82,1.8,4236.19,7.1,652.99,-5.1,13003.22,11.2,9845.54,14.0,495957.27,12.2,16259.8,-8.4
53,247,2015-08,61062.54,3.5,,,41097.94,2.3,15967.84,25.0,7144.38,14.8,2212.5,-9.8,3864.67,14.2,9290.59,5.4,6809.34,2.9,40248.81,1.6,4950.96,7.3,759.78,-5.5,15102.99,8.4,11501.65,10.0,505090.8,11.2,18164.97,-10.6
177,371,2015-09,70535.07,2.6,,,47505.17,1.7,18392.04,24.0,8180.31,14.7,2566.4,-8.4,4453.11,11.1,10752.48,4.0,7824.32,1.9,46462.71,1.0,5770.81,7.4,877.87,-7.0,17423.68,6.0,13236.68,7.0,513885.8,10.6,21878.6,-4.3
20,214,2015-10,78800.74,2.0,,,53149.7,1.3,20469.07,22.4,9144.74,15.3,2878.67,-7.1,5000.14,10.7,12009.58,2.8,8641.32,1.0,51868.47,0.4,6494.37,7.4,982.13,-7.2,19455.77,5.5,14767.45,6.4,521541.11,9.6,25799.31,1.7
148,342,2015-11,87702.38,1.3,,,59069.18,0.7,22593.26,21.6,10138.53,15.3,3167.24,-9.8,5651.58,10.3,13354.47,1.9,9627.16,-0.8,57634.98,0.3,7288.03,7.6,1103.85,-6.4,21675.52,2.4,16470.74,2.5,531759.55,9.2,29956.02,1.9
152,346,2015-12,95978.85,1.0,,,64595.24,0.4,24646.12,21.2,11030.23,14.4,3481.37,-9.5,6209.74,10.1,14607.49,1.8,10566.37,-1.2,63173.28,0.1,8022.29,7.7,1211.52,-7.3,23571.75,1.7,17675.44,1.2,536853.75,8.9,40937.81,-0.8
72,266,2016-02,9051.79,3.0,,,6027.52,1.8,2096.12,-0.2,1112.56,-4.5,397.46,-1.8,658.05,16.1,1356.45,2.7,1009.76,3.4,6259.79,0.2,834.03,15.7,129.11,16.6,1828.85,7.0,1270.11,11.7,485887.94,8.4,6202.36,18.1
71,265,2016-03,17676.62,6.2,,,11669.52,4.6,4258.77,0.7,2074.87,-0.5,689.63,-0.9,1241.97,14.2,2712.21,7.1,2052.92,9.5,11955.99,5.6,1655.38,21.6,264.34,26.1,3800.9,1.2,2671.23,1.2,495339.33,9.1,8482.59,7.6
112,306,2016-04,25375.64,7.2,,,16887.37,6.4,6203.61,0.5,3013.68,3.4,929.95,-0.8,1716.67,15.4,3914.94,7.6,2856.65,6.9,17089.61,7.3,2367.11,23.0,381.41,22.7,5537.5,0.5,3971.23,0.2,504591.21,9.3,10336.18,8.9
107,301,2016-05,34564.11,7.0,,,23118.18,6.8,8543.83,1.0,4103.45,4.5,1242.12,-2.1,2256.01,12.8,5361.48,8.2,3828.44,3.7,23122.78,7.1,3205.79,23.5,512.34,23.8,7723.2,0.4,5665.06,-0.3,516068.36,9.3,12718.15,9.3
103,297,2016-06,46630.52,6.1,,,31149.27,5.6,11543.09,0.1,5526.83,5.1,1596.45,-4.3,3015.78,10.1,7229.19,7.8,5236.28,4.6,30872.93,5.9,4301.63,21.6,689.66,24.3,10766.31,0.5,7920.14,-1.1,528786.44,9.0,15616.64,9.0
98,292,2016-07,55360.5,5.3,,,36981.32,4.5,13655.23,-0.9,6624.8,6.3,1898.15,-2.6,3541.13,8.5,8573.19,6.9,6264.86,6.2,36393.41,5.0,5119.43,20.8,817.02,25.1,13030.65,0.2,9676.76,-1.7,539663.22,8.8,18088.55,11.2
80,274,2016-08,64386.74,5.4,,,43076.06,4.8,15779.87,-1.2,7748.49,8.5,2178.42,-1.5,4085.65,5.7,9954.3,7.1,7270.73,6.8,42179.21,4.8,5966.77,20.5,928.29,22.2,15312.46,1.4,11489.29,-0.1,549589.36,8.8,19987.63,10.0
79,273,2016-09,74597.59,5.8,,,49930.85,5.1,18248.21,-0.8,8992.77,9.9,2526.09,-1.6,4721.73,6.0,11542.78,7.3,8402.23,7.4,48815.7,5.1,6897.81,19.5,1056.18,20.3,17827.9,2.3,13422.02,1.4,559222.4,8.8,22522.17,4.6
39,233,2016-10,83974.61,6.6,,,56293.72,5.9,20480.07,0.1,10193.68,11.5,2846.64,-1.1,5308.36,6.2,12941.15,7.8,9431.39,9.1,54793.35,5.6,7759.47,19.5,1193.99,21.6,20227.79,4.0,15337.79,3.9,569312.1,9.2,25553.2,-1.0
41,235,2016-11,93387.08,6.5,,,62588.23,6.0,22633.64,0.2,11364.76,12.1,3171.35,0.1,5933.75,5.0,14377.39,7.7,10487.7,8.9,60838.92,5.6,8668.06,18.9,1329.01,20.4,22551.08,4.0,17165.82,4.2,580253.01,9.1,29991.47,0.1
160,354,2016-12,102581.0,6.9,,,68704.0,6.4,24772.18,0.5,12540.4,13.7,3478.74,-0.1,6533.0,5.2,15838.0,8.4,11506.61,8.9,66793.39,5.7,9508.8,18.5,1461.55,20.6,24816.87,5.3,18778.68,6.2,587857.24,9.5,41079.58,0.3
185,379,2017-02,9854.34,8.9,,,6571.07,9.0,2067.84,-1.3,1257.16,13.0,410.62,3.3,654.08,-0.6,1517.12,11.8,1112.06,10.1,6753.85,7.9,926.58,11.1,132.08,2.3,2041.83,11.6,1463.63,15.2,538937.53,10.9,7221.58,16.4
186,380,2017-03,19291.92,9.1,,,12981.02,11.2,4104.78,-3.6,2433.41,17.3,763.71,10.7,1194.22,-3.8,2934.85,8.2,2181.83,6.3,12902.43,7.9,1816.62,9.7,263.45,-0.3,4309.42,13.4,3113.62,16.6,546872.88,10.4,9728.71,14.7
187,381,2017-04,27731.58,9.3,,,18671.32,10.6,5838.74,-5.9,3461.91,14.9,1060.17,14.0,1735.68,1.1,4221.78,7.8,3102.8,8.6,18311.79,7.2,2574.47,8.8,384.26,0.7,6461.06,16.7,4807.41,21.1,558811.2,10.7,11504.12,11.3
188,382,2017-05,37594.68,8.8,,,25422.94,10.0,7909.19,-7.4,4651.6,13.4,1392.71,12.1,2370.57,5.1,5677.96,5.9,4123.21,7.7,24650.91,6.6,3493.5,9.0,523.47,2.2,8926.8,15.6,6733.42,18.9,569543.8,10.4,13429.22,5.6
189,383,2017-06,50610.22,8.5,,,34318.26,10.2,10652.65,-7.7,6277.44,13.6,1843.28,15.5,3159.29,4.8,7589.35,5.0,5543.31,5.9,32902.89,6.6,4666.52,8.5,716.49,3.9,12324.33,14.5,9308.6,17.5,586159.73,10.8,16431.75,5.2
190,384,2017-07,59761.08,7.9,,,40683.03,10.0,12607.43,-7.7,7455.07,12.5,2181.04,14.9,3708.26,4.7,8834.45,3.0,6535.34,4.3,38623.8,6.1,5453.49,6.5,860.04,5.3,14823.74,13.8,11232.45,16.1,597900.63,10.8,18507.03,2.3
181,375,2017-08,69493.88,7.9,,,47440.04,10.1,14589.45,-7.5,8711.03,12.4,2504.25,15.0,4283.63,4.8,10194.84,2.4,7575.37,4.2,44628.83,5.8,6268.82,5.1,1005.0,8.3,17591.23,14.9,13555.33,18.0,608883.68,10.8,20258.04,1.4
194,388,2017-09,80644.45,8.1,,,55109.28,10.4,16743.35,-8.2,10145.61,12.8,2893.94,14.6,4978.39,5.4,11709.61,1.4,8847.16,5.3,51454.31,5.4,7218.13,4.6,1153.35,9.2,20818.65,16.8,16123.63,20.1,620760.34,11.0,22345.05,-0.8
195,389,2017-10,90544.36,7.8,,,61871.23,9.9,18670.87,-8.8,11465.02,12.5,3275.58,15.1,5583.18,5.2,13087.69,1.1,10002.26,6.1,57523.34,5.0,8073.58,4.0,1295.76,8.5,23651.68,16.9,18427.93,20.1,633504.74,11.3,25465.02,-0.3
196,390,2017-11,100386.55,7.5,,,68670.48,9.7,20582.03,-9.1,12718.43,11.9,3651.09,15.1,6162.43,3.9,14421.95,0.3,11131.69,6.1,63393.73,4.2,8906.66,2.8,1421.85,7.0,26664.32,18.2,20927.69,21.9,646603.96,11.4,29221.82,-2.6
197,391,2017-12,109798.53,7.0,,,75147.88,9.4,22367.28,-9.7,13949.1,11.2,4015.44,15.4,6761.36,3.5,15639.9,-1.2,12249.39,6.5,68890.56,3.1,9687.13,1.9,1550.7,6.1,29670.13,19.6,23169.47,23.4,656617.38,11.7,39258.77,-4.4
198,392,2018-02,10831.09,9.9,,,7379.38,12.3,1976.41,-4.4,1437.48,14.3,449.19,9.4,652.52,-0.2,1444.6,-4.8,1354.59,21.8,6986.48,3.4,914.63,-1.3,145.21,9.9,2784.77,36.4,2164.7,47.9,585841.57,8.7,6116.03,-15.3
199,393,2018-03,21291.29,10.4,,,14704.59,13.3,3832.43,-6.6,2871.07,18.0,800.37,4.8,1192.51,-0.1,2742.96,-6.5,2651.23,21.5,12833.13,-0.5,1761.09,-3.1,295.17,12.0,6401.9,48.6,5225.52,67.8,595182.89,8.8,8797.02,-9.6
200,394,2018-04,30591.95,10.3,,,21331.37,14.2,5497.28,-5.8,4080.74,17.9,1101.78,3.9,1646.32,-5.1,3893.42,-7.8,3720.83,19.9,18060.59,-1.4,2469.87,-4.1,406.86,5.9,9654.63,49.4,8022.01,66.9,609276.76,9.0,10454.59,-9.1
201,395,2018-05,41420.27,10.2,,,29037.28,14.2,7366.63,-6.9,5533.13,19.0,1488.36,6.9,2185.07,-7.8,5149.63,-9.3,5048.28,22.4,24045.95,-2.5,3249.57,-7.0,538.77,2.9,13585.97,52.2,11400.73,69.3,625427.49,9.8,12381.62,-7.8
202,396,2018-06,55530.96,9.7,,,38989.94,13.6,9816.56,-7.8,7461.99,18.9,1984.35,7.7,2833.9,-10.3,6854.3,-9.7,6852.82,23.6,31387.76,-4.6,4268.1,-8.5,696.87,-2.7,19178.23,55.6,16235.9,74.4,645666.2,10.2,14962.55,-8.9
203,397,2018-07,65885.71,10.2,,,46443.04,14.2,11553.86,-8.4,8867.28,18.9,2302.26,5.6,3339.65,-9.9,8045.42,-8.9,8057.6,23.3,37259.31,-3.5,5016.24,-8.0,817.49,-4.9,22792.66,53.8,19353.31,72.3,660778.21,10.5,16755.95,-9.5
204,398,2018-08,76518.84,10.1,,,54114.44,14.1,13380.52,-8.3,10294.4,18.2,2695.78,7.6,3837.78,-10.4,9329.57,-8.5,9237.05,21.9,43182.99,-3.2,5812.68,-7.3,934.99,-7.0,26588.19,51.1,22623.14,66.9,675352.45,10.9,18402.69,-9.2
205,399,2018-09,88665.04,9.9,,,62806.34,14.0,15375.86,-8.2,11939.0,17.7,3104.89,7.3,4409.4,-11.4,10649.85,-9.1,10799.44,22.1,49680.11,-3.4,6642.76,-8.0,1054.16,-8.6,31288.0,50.3,26757.46,66.0,692772.62,11.6,19960.58,-10.7
206,400,2018-10,99324.92,9.7,,,70369.92,13.7,17127.37,-8.3,13362.63,16.6,3511.29,7.2,4911.49,-12.0,11886.28,-9.2,12157.22,21.5,55582.27,-3.4,7403.11,-8.3,1165.19,-10.1,35174.34,48.7,30116.04,63.4,707735.18,11.7,22260.43,-12.6
207,401,2018-11,110083.0,9.7,,,78026.72,13.6,18883.64,-8.3,14841.99,16.7,3939.35,7.9,5422.55,-12.0,13066.07,-9.4,13567.66,21.9,61503.24,-3.0,8132.25,-8.7,1275.73,-10.3,39171.79,46.9,33590.31,60.5,727134.56,12.5,25943.69,-11.2
208,402,2018-12,120263.51,9.5,,,85192.25,13.4,20539.08,-8.2,16275.52,16.7,4419.02,10.1,5996.33,-11.3,14177.09,-9.4,14897.84,21.6,67318.84,-2.3,8673.16,-10.5,1524.58,-1.7,42746.94,44.1,36387.01,57.0,740022.33,12.7,37017.72,-5.7
209,403,2019-02,12089.84,11.6,,,8711.01,18.0,1874.23,-5.2,1712.98,19.2,504.67,12.4,668.71,2.5,1315.23,-9.0,1394.89,3.0,7641.12,9.4,742.56,-18.8,189.36,30.4,3516.8,26.3,2911.12,34.5,659119.26,12.5,5980.54,-2.2
210,404,2019-03,23802.92,11.8,,,17255.84,17.3,3652.74,-4.7,3319.03,15.6,902.14,12.7,1161.78,-2.6,2471.84,-9.9,2913.46,9.9,13928.84,8.5,1358.15,-22.9,352.79,19.5,8163.15,27.5,6931.64,32.6,681061.01,14.4,8583.05,-2.4
211,405,2019-04,34217.45,11.9,,,24925.29,16.8,5197.38,-5.5,4749.41,16.4,1199.52,8.9,1606.65,-2.4,3510.36,-9.8,4175.16,12.2,19703.53,9.1,1902.52,-23.0,500.47,23.0,12110.93,25.4,10401.39,29.7,702147.85,15.2,10395.02,-0.6
212,406,2019-05,46074.89,11.2,,,33780.12,16.3,7032.95,-4.5,6316.0,14.1,1535.79,3.2,2105.61,-3.6,4649.63,-9.7,5539.52,9.7,26197.48,8.9,2505.65,-22.9,658.75,22.3,16713.01,23.0,14505.32,27.2,720454.2,15.2,12261.97,-1.0
213,407,2019-06,61609.3,10.9,,,45166.82,15.8,9301.68,-5.2,8281.33,11.0,1899.06,-4.3,2814.96,-0.7,6183.37,-9.8,7444.16,8.6,34341.3,9.4,3237.31,-24.2,849.98,22.0,23180.72,20.9,20164.05,24.2,743265.28,15.1,14782.14,-1.2
214,408,2019-07,72843.12,10.6,,,53466.29,15.1,10920.64,-5.5,9763.79,10.1,2199.97,-4.4,3332.97,-0.2,7318.41,-9.0,8725.44,8.3,40884.73,9.7,3796.41,-24.3,1003.76,22.8,27158.22,19.2,23603.82,22.0,760490.27,15.1,16734.37,-0.1
215,409,2019-08,84589.06,10.5,,,62186.77,14.9,12554.32,-6.2,11284.06,9.6,2570.65,-4.6,3860.52,0.6,8455.88,-9.4,10085.9,9.2,47458.45,9.9,4364.37,-24.9,1136.55,21.6,31629.69,19.0,27570.73,21.9,773902.88,14.6,18510.48,0.6
216,410,2019-09,98007.67,10.5,,,72145.72,14.9,14566.78,-5.3,12978.31,8.7,2940.57,-5.3,4446.83,0.8,9796.05,-8.0,11619.07,7.6,54934.01,10.6,5006.39,-24.6,1295.47,22.9,36771.8,17.5,32011.87,19.6,790051.29,14.0,20765.97,4.0
217,411,2019-10,109603.45,10.3,,,80666.16,14.6,16213.31,-5.3,14451.75,8.2,3267.54,-6.9,4987.72,1.6,10987.11,-7.6,12962.46,6.6,61623.31,10.9,5550.83,-25.0,1437.55,23.4,40991.77,16.5,35650.9,18.4,805890.7,13.9,24150.64,8.5
218,412,2019-11,121265.05,10.2,,,89232.28,14.4,17958.28,-4.9,15921.06,7.3,3576.08,-9.2,5555.67,2.5,12117.31,-7.3,14359.78,5.8,68328.51,11.1,6139.01,-24.5,1574.42,23.4,45223.11,15.4,39300.21,17.0,824596.78,13.4,28135.86,8.4
219,413,2019-12,132194.26,9.9,,,97070.74,13.9,19568.49,-4.7,17288.31,6.2,3875.71,-12.3,6162.6,2.8,13225.85,-6.7,15735.07,5.6,75248.12,11.8,6714.39,-22.6,1713.48,12.4,48518.27,13.5,41675.39,14.5,839883.16,13.5,43009.57,16.2
220,414,2020-02,10115.42,-16.3,,,7318.29,-16.0,1429.36,-23.7,1282.88,-25.1,,-100.0,549.96,-17.8,978.99,-25.6,1268.18,-9.1,6394.4,-16.3,462.89,-37.7,122.96,-35.1,3135.17,-10.9,2639.6,-9.3,745155.98,13.1,4896.09,-18.1
221,415,2020-03,21962.61,-7.7,,,16014.9,-7.2,3157.39,-13.6,2699.55,-18.7,,,1035.96,-10.8,2106.08,-14.8,2805.67,-3.7,12611.85,-9.5,937.36,-31.0,257.41,-27.0,8155.99,-0.1,7003.46,1.0,766028.83,12.5,7726.49,-10.0
222,416,2020-04,33102.84,-3.3,,,24237.86,-2.8,4855.78,-6.6,4028.49,-15.2,,,1529.78,-4.8,3144.93,-10.4,4190.27,0.4,18814.22,-4.5,1419.83,-25.4,392.25,-21.6,12476.55,3.0,10826.54,4.1,786510.89,12.0,9396.62,-9.6
223,417,2020-05,45919.59,-0.3,,,33764.97,0.0,6736.01,-4.2,5538.7,-12.3,,,2079.6,-1.2,4327.75,-6.9,5747.27,3.8,25912.41,-1.1,1950.49,-22.2,519.73,-21.1,17536.96,4.9,15286.93,5.4,805470.81,11.8,11386.89,-7.1
224,418,2020-06,62780.21,1.9,,,46350.42,2.6,9265.42,-0.4,7436.7,-10.2,,,2727.49,-3.1,5850.29,-5.4,7852.01,5.5,34961.09,1.8,2591.31,-20.0,676.12,-20.5,24551.69,5.9,21404.52,6.2,834887.54,12.3,14028.62,-5.1
225,419,2020-07,75324.61,3.4,,,55682.29,4.1,10996.45,0.7,8930.26,-8.5,,,3261.83,-2.1,6990.5,-4.5,9389.99,7.6,42105.27,3.0,3100.21,-18.3,799.89,-20.3,29319.23,8.0,25599.79,8.5,851129.97,11.9,15994.23,-4.4
226,420,2020-08,88454.14,4.6,,,65454.07,5.3,12856.38,2.4,10488.47,-7.1,,,3821.21,-1.0,8209.17,-2.9,10969.7,8.8,49763.18,4.9,3641.59,-16.6,925.46,-18.6,34123.91,7.9,29826.16,8.2,869329.18,12.3,17769.13,-4.0
227,421,2020-09,103484.2,5.6,,,76561.94,6.1,15024.49,3.1,12132.09,-6.5,,,4469.89,0.5,9548.33,-2.5,12904.04,11.1,58308.62,6.1,4225.37,-15.6,1069.8,-17.4,39880.42,8.5,34715.16,8.4,889430.47,12.6,19770.43,-4.8
228,422,2020-10,116555.76,6.3,,,86298.38,7.0,16855.81,4.0,13722.83,-5.0,,,5160.25,3.5,10682.78,-2.8,14414.36,11.2,65966.0,7.0,4757.28,-14.3,1205.28,-16.2,44627.21,8.9,38718.55,8.6,906267.96,12.5,23294.99,-3.5
229,423,2020-11,129492.36,6.8,,,95836.93,7.4,18687.97,4.1,15250.89,-4.2,,,5787.93,4.2,11886.29,-1.9,15981.21,11.3,73710.73,7.9,5284.19,-13.9,1325.93,-15.8,49171.51,8.7,42492.82,8.1,928868.23,12.6,28019.06,-0.4
231,433,2020-12,141442.95,7.0,,,104445.73,7.6,20444.93,4.5,16584.15,-4.1,,,6494.1,5.4,13076.06,-1.1,17427.05,10.8,81904.89,8.8,5849.85,-12.9,1442.94,-15.8,52245.27,7.7,44451.87,6.7,948886.63,13.0,42970.47,-0.1
230,431,2021-02,13985.87,38.3,,,10387.26,41.9,1960.02,37.1,1672.3,30.4,,,675.28,22.8,1251.24,27.8,1672.08,31.8,9487.7,48.4,614.3,32.7,139.67,13.6,3744.2,19.4,3071.24,16.4,837785.45,12.4,7126.72,45.6
232,434,2021-03,27575.82,25.6,,,20623.7,28.8,3840.27,21.6,3269.7,21.1,,,1190.31,14.9,2396.96,13.8,3364.85,19.9,16934.83,34.3,1094.45,16.8,253.81,-1.4,9292.74,13.9,7802.65,11.4,864331.04,12.8,10091.48,30.6
233,435,2021-04,40239.76,21.6,,,30161.69,24.4,5634.94,16.0,4683.41,16.3,,,1694.26,10.8,3443.21,9.5,4940.59,17.9,23918.49,27.1,1503.27,5.9,348.61,-11.1,14469.39,16.0,12367.46,14.2,885466.59,12.6,11708.03,24.6
234,571,2021-05,54318.08,18.3,,,40750.21,20.7,7580.89,12.5,6366.73,15.0,,,2207.98,6.2,4590.59,6.1,6769.3,17.8,31788.07,22.7,1954.5,0.2,437.93,-15.7,20137.58,14.8,17487.3,14.4,906071.76,12.5,14051.18,23.4
235,572,2021-06,72179.07,15.0,,,54244.22,17.0,10182.16,9.9,8399.37,12.9,,,2909.57,6.7,6054.19,3.5,8971.09,14.3,42479.46,21.5,2560.39,-1.2,569.63,-15.8,26569.59,8.2,22759.91,6.3,938605.81,12.4,18625.13,32.8
236,573,2021-07,84895.41,12.7,,,63980.28,14.9,11996.61,9.1,9857.26,10.4,,,3383.4,3.7,7133.3,2.0,10398.43,10.7,50024.61,18.8,3017.24,-2.7,694.0,-13.2,31159.56,6.3,26617.49,4.0,955666.45,12.3,21181.63,32.4
237,574,2021-08,98059.73,10.9,,,73971.13,13.0,13742.96,6.9,11431.77,9.0,,,3890.13,1.8,8225.83,0.2,11972.64,9.1,57863.57,16.3,3478.87,-4.5,805.23,-13.0,35912.06,5.2,30704.45,2.9,968945.46,11.5,23393.52,31.7
238,575,2021-09,112568.07,8.8,,,84905.56,10.9,15718.73,4.6,13142.09,8.3,,,4446.29,-0.5,9422.83,-1.3,13793.39,6.9,66398.09,13.9,3968.57,-6.1,942.77,-11.9,41258.64,3.5,35083.13,1.1,986471.05,10.9,25269.26,27.8
239,576,2021-10,124933.62,7.2,,,94326.63,9.3,17408.33,3.3,14605.25,6.4,,,4907.76,-4.9,10492.09,-1.8,15207.14,5.5,73776.29,11.8,4397.19,-7.6,1059.52,-12.1,45700.61,2.4,38868.43,0.4,999756.41,10.3,28134.75,20.8
240,577,2021-11,137313.96,6.0,,,103587.48,8.1,19148.67,2.5,16088.21,5.5,,,5437.72,-6.1,11520.17,-3.1,16768.6,4.9,81463.68,10.5,4861.49,-8.0,1197.24,-9.7,49791.55,1.3,42225.22,-0.6,1017745.56,9.6,33742.36,20.4
241,597,2021-12,147602.08,4.4,,,111173.0,6.4,20566.5,0.6,17322.54,4.5,,,5973.9,-8.0,12444.76,-4.8,18010.42,3.3,88910.29,8.6,5336.08,-8.8,1331.07,-7.8,52024.64,-0.4,43504.68,-2.1,1033431.0,8.9,50091.03,16.6
